Co Code,Bus Entity,Profit Centre,Project Code,Project,Project Region Old,SegForSegReprt_SEGMENT,Division,Post Code,City,District,Postal Area,Street,Project Type,CompanyGroup,Company Group_Old,Profit Center Name,Profit Center Long Name,Profit Center Short Name,Profit Center Source,Project Region,Region Code,Inventory Status,Company Group,Company,FLAG1,FLAG2,FLAG3
3000,WVSSG1,SVWVSSG01,Vasind,NH Vasind,West,R100,Value Homes,421604,Mumbai,Thane,,"Mumbai -Nasik Highway, Shahpur",Residential,TV,Tata Value Homes,Vasind SG PH1,Vasind SG PH 1,VASIND SG PH1,SAP,West,W,COMPLETED,Tata Value Homes,Tata Value Homes Limited,,X,
1000,WBSSG1,THWBRSV01,Boisar,NH Boisar I,West,R100,Value Homes,401506,Mumbai,Thane,,Chillar Road,Residential,TH,Tata Housing,"SG, Boisar  Phase 1","SG, Boisar  Phase 1","SG, BOISAR  PHASE 1",SAP,West,W,COMPLETED,Tata Housing,Tata Housing Dev Co. Ltd,,X,
1000,WBSNH1,THWBRNA01,Boisar,NH Boisar I,West,R110,Affortable Homes,401506,Mumbai,Thane,,Chillar Road,Residential,TH,Tata Housing,"NH, Boisar  Phase 1","NH, Boisar  Phase 1","NH, BOISAR  PHASE 1",SAP,West,W,COMPLETED,Tata Housing,Tata Housing Dev Co. Ltd,,X,
1000,WBSNH1,THWBRNA02,Boisar,NH Boisar I,West,R110,Affortable Homes,401506,Mumbai,Thane,,Chillar Road,Residential,TH,Tata Housing,"NH, Boisar  Phase 2","NH, Boisar  Phase 2","NH, BOISAR  PHASE 2",SAP,West,W,COMPLETED,Tata Housing,Tata Housing Dev Co. Ltd,,X,
1000,WBSNH1,THWBRNA03,Boisar,NH Boisar I,West,R110,Affortable Homes,401506,Mumbai,Thane,,Chillar Road,Residential,TH,Tata Housing,"NH, Boisar  Phase 3","NH, Boisar  Phase 3","NH, BOISAR  PHASE 3",SAP,West,W,COMPLETED,Tata Housing,Tata Housing Dev Co. Ltd,,X,
1000,WBSRH1,THWBRRP01,Boisar,NH Boisar I,West,R120,Premium Homes,401506,Mumbai,Thane,,Chillar Road,Residential,TH,Tata Housing,"RH, Boisar Phase 1","RH, Boisar Phase 1","RH, BOISAR PHASE 1",SAP,West,W,COMPLETED,Tata Housing,Tata Housing Dev Co. Ltd,,X,
1000,WBSGL1,THWBRBR01,Boisar,NH Boisar I,West,C100,Retail / Shopping,401506,Mumbai,Thane,,Chillar Road,Residential,TH,Tata Housing,Boisar – Retail,Boisar – Retail,BOISAR – RETAIL,SAP,West,W,COMPLETED,Tata Housing,Tata Housing Dev Co. Ltd,,X,
1000,WLNPR1,THWLNPL01,"Prive, Lon",Prive,West,R130,Luxury Homes,410401,Lonavala,Pune,,"Old Khandala Road,",Residential,TH,Tata Housing,"Prive, Lonavala PH1","Prive, Lonavala PH1","PRIVE, LONAVALA PH1",SAP,West,W,COMPLETED,Tata Housing,Tata Housing Dev Co. Ltd,,,
1000,WLNPR1,THWLNPL02,"Prive, Lon",Prive,West,R130,Luxury Homes,410401,Lonavala,Pune,,"Old Khandala Road,",Residential,TH,Tata Housing,"Prive, Lonavala PH2","Prive, Lonavala PH2","PRIVE, LONAVALA PH2",SAP,West,W,COMPLETED,Tata Housing,Tata Housing Dev Co. Ltd,,,
1000,NGGPM1,THNGGPP01,Gurgaon Pr,Primanti,North,R120,Premium Homes,122001,Gurgaon,Gurgaon,,"Southem Peripheral Road, Sector 72",Residential,TH,Tata Housing,Gurgaon Primanti PH1,Gurgaon Primanti PH1,GURGAON PRIMANTI PH1,SAP,North,N,COMPLETED,Tata Housing,Tata Housing Dev Co. Ltd,,X,
1000,NGGPM1,THNGGPP02,Gurgaon Pr,Primanti,North,R120,Premium Homes,122001,Gurgaon,Gurgaon,,"Southem Peripheral Road, Sector 72",Residential,TH,Tata Housing,Gurgaon Primanti PH2,Gurgaon Primanti PH2,GURGAON PRIMANTI PH2,SAP,North,N,COMPLETED,Tata Housing,Tata Housing Dev Co. Ltd,,X,
1000,NGGPM2,THNGGPL01,Gurgaon Pr,Primanti,North,R130,Luxury Homes,122001,Gurgaon,Gurgaon,,"Southem Peripheral Road, Sector 72",Residential,TH,Tata Housing,Gurgn Prim(Villas)P1,Gurgaon Primanti(Villas) PH1,GURGN PRIM(VILLAS)P1,SAP,North,N,COMPLETED,Tata Housing,Tata Housing Dev Co. Ltd,,X,
1000,NGGPS1,THNGGPS01,Gurgaon Pr,Primanti,North,E100,Education/School,122001,Gurgaon,Gurgaon,,"Southem Peripheral Road, Sector 72",Residential,TH,Tata Housing,Gurgaon School ph1,Gurgaon Primanti - School ph1,GURGAON SCHOOL PH1,SAP,North,N,COMPLETED,Tata Housing,Tata Housing Dev Co. Ltd,,X,
3000,WVSNH1,SVWVSNH01,Vasind,NH Vasind,West,R110,Affortable Homes,421604,Mumbai,Thane,,"Mumbai - Nasik Highway, Shahpur",Residential,TV,Tata Value Homes,Vasind NH PH1,Vasind NH PH1,VASIND NH PH1,SAP,West,W,NOINVSTATUS,Tata Value Homes,Tata Value Homes Limited,,X,
1000,WPNIP1,THWPNIP01,Inora Park,Inora Park,West,R110,Affortable Homes,411028,Pune,Pune,,"Katraj Hadapsar Bypass Road, Undri",Residential,TH,Tata Housing,"Inora Park, Pune PH1","Inora Park, Pune PH1","INORA PARK, PUNE PH1",SAP,West,W,COMPLETED,Tata Housing,Tata Housing Dev Co. Ltd,,X,
3000,SORCL1,SVSORCA01,Cresent La,Cresent Lake Homes,South,R110,Affortable Homes,600034,Chennai,Chennai,,Cathedral Garden Road,Residential,TV,Tata Value Homes,CLH Oragadam (Aff)P1,"CLH, Oragadam (Affordable) Phase 1",CLH ORAGADAM (AFF)P1,SAP,South,S,NOINVSTATUS,Tata Value Homes,Tata Value Homes Limited,,,
3000,SORCL1,SVSORCA02,Cresent La,Cresent Lake Homes,South,R110,Affortable Homes,600034,Chennai,Chennai,,Cathedral Garden Road,Residential,TV,Tata Value Homes,"CLH, Oragadam(Aff)P2","CLH, Oragadam (Affordable) Phase 2","CLH, ORAGADAM(AFF)P2",SAP,South,S,NOINVSTATUS,Tata Value Homes,Tata Value Homes Limited,,,
3000,WTGLM1,SVWTGLA01,Talegaon,La Montana,West,R110,Affortable Homes,411001,Pune,Pune,,"MIDC Gate Chowk, Talegaon",Residential,TV,Tata Value Homes,"La Montana, Tale Ph1","La Montana, Talegaon Phase 1","LA MONTANA, TALE PH1",SAP,West,W,COMPLETED,Tata Value Homes,Tata Value Homes Limited,,X,
3000,WTGLM1,SVWTGLA02,Talegaon,La Montana,West,R110,Affortable Homes,411001,Pune,Pune,,"MIDC Gate Chowk, Talegaon",Residential,TV,Tata Value Homes,"La Montana, Tale Ph2","La Montana, Talegaon Phase 2","LA MONTANA, TALE PH2",SAP,West,W,COMPLETED,Tata Value Homes,Tata Value Homes Limited,,X,
3000,WTGLM1,TVWTGLA03,Talegaon,La Montana,West,R110,Affortable Homes,411001,Pune,Pune,,"MIDC Gate Chowk, Talegaon",Residential,TV,Tata Value Homes,"La Montana, Tale Ph3","La Montana, Talegaon Phase 3","LA MONTANA, TALE PH3",SAP,West,W,COMPLETED,Tata Value Homes,Tata Value Homes Limited,,X,
1000,ERHEC1,THEKLEA01,Kolk Eden,Eden Court,East,R110,Affortable Homes,700156,Kolkata,North 24 Parganas,,"New Town, Rajarhat,",Residential,TH,Tata Housing,Kolk Eden Aff PH1,Kolkata Eden Court Affordable PH1,KOLK EDEN AFF PH1,SAP,East,E,COMPLETED,Tata Housing,Tata Housing Dev Co. Ltd,,X,
1000,SBGAH1,THSBGA000,Aquila,Aquila Heights,South,ROSI,Regional Office South India,560053,Bangalore,Bangalore,,"Hubli, Bangalore North Taluk,",Residential,TH,Tata Housing,Banglr Aqul Com Proj,Bangalore Aquila Heights - Common Projec,BANGLR AQUL COM PROJ,SAP,South,S,COMPLETED,Tata Housing,Tata Housing Dev Co. Ltd,,,
1000,SBGAH1,THSBGAH01,Aquila,Aquila Heights,South,R120,Premium Homes,560053,Bangalore,Bangalore,,"Hubli, Bangalore North Taluk,",Residential,TH,Tata Housing,Banglr Aquila PH1,Bangalore Aquila Heights PH1,BANGLR AQUILA PH1,SAP,South,S,COMPLETED,Tata Housing,Tata Housing Dev Co. Ltd,,,
1000,SBGAH1,THSBGAH02,Aquila,Aquila Heights,South,R120,Premium Homes,560053,Bangalore,Bangalore,,"Hubli, Bangalore North Taluk,",Residential,TH,Tata Housing,Banglr Aquila PH2,Bangalore Aquila Heights  PH2,BANGLR AQUILA PH2,SAP,South,S,COMPLETED,Tata Housing,Tata Housing Dev Co. Ltd,,,
1120,SBSPM1,PHSBSPL01,Promont Bn,The Promont,South,R130,Luxury Homes,560013,Bangalore,Bangalore,,"Hosakerehalli Village,Banashankari",Residential,TH,Tata Housing,"The Promont,BS  LX 1","The Promont, Banashankari(Luxury)Ph1","THE PROMONT,BS  LX 1",SAP,South,S,COMPLETED,Tata Housing,Promont Hilltop Pvt Ltd,,X,
1120,SBSPM1,PHSBSPL02,Promont Bn,The Promont,South,R130,Luxury Homes,560013,Bangalore,Bangalore,,"Hosakerehalli Village,Banashankari",Residential,TH,Tata Housing,"The Promont,BS CS.","The Promont, BS (The Cascades) Ph2","THE PROMONT,BS CS.",SAP,South,S,COMPLETED,Tata Housing,Promont Hilltop Pvt Ltd,,X,
1000,WKYAM1,THWKYAA01,"Amantra,Kl",Amantra,West,R110,Affortable Homes,401404,Mumbai,Thane,THANE,Village Ranjanoli,Residential,TH,Tata Housing,"Amantra, Klyn(Sal)P1","Amantra, Kalyan (Sales) PH1","AMANTRA, KLYN(SAL)P1",SAP,West,W,COMPLETED,Tata Housing,Tata Housing Dev Co. Ltd,,,
1000,WKYAM1,THWKYAA02,"Amantra,Kl",Amantra,West,R110,Affortable Homes,401404,Mumbai,Thane,THANE,Village Ranjanoli,Residential,TH,Tata Housing,"Amantra, Klyn(Sal)P2","Amantra, Kalyan (Sales) PH2","AMANTRA, KLYN(SAL)P2",SAP,West,W,COMPLETED,Tata Housing,Tata Housing Dev Co. Ltd,,,
1000,WKYAM1,THWKYAR01,"Amantra,Kl",Amantra,West,C100,Retail / Shopping,401404,Mumbai,Thane,THANE,Village Ranjanoli,Residential,TH,Tata Housing,"Amantra,Klyn(Retail)","Amantra, Kalyan (Retai)","AMANTRA,KLYN(RETAIL)",SAP,West,W,COMPLETED,Tata Housing,Tata Housing Dev Co. Ltd,,,
1000,ERHEC3,THEKLER01,Kolk Eden,Eden Court,East,C100,Retail / Shopping,700156,Kolkata,North 24 Parganas,700156,"New Town, Rajarhat",Residential,TH,Tata Housing,Kolk Eden Retl PH1,Kolkata Eden Court Retail PH1,KOLK EDEN RETL PH1,SAP,East,E,COMPLETED,Tata Housing,Tata Housing Dev Co. Ltd,,X,
3010,WAHSG1,ASWAHSG01,Arvind LLP,NH Compact,West,R100,Value Homes,382721,Ahmedabad,Gandhinagar,,Vadsar-Kalol Road,Residential,TV,Tata Value Homes,"SG, Ahmedabad PH1",Ahmedabad  Shubh Griha Ph1,"SG, AHMEDABAD PH1",SAP,West,W,COMPLETED,Tata Value Homes,Arvind & Smart Value Home,,,
3010,WAHNHC,ASWAHNC01,Arvind LLP,NH Compact,West,R110,Affortable Homes,382721,Ahmedabad,Gandhinagar,,Vadsar-Kalol Road,Residential,TV,Tata Value Homes,Ahbad NH Compact -C1,Ahmedabad New Haven -Compact (Cluster1),AHBAD NH COMPACT -C1,SAP,West,W,COMPLETED,Tata Value Homes,Arvind & Smart Value Home,,,
1010,IMLGA1,ARIMLGA01,Apex,"Nadhee, Odeon – 2",International,R110,Affortable Homes,135,Male,Male,,"Block-135, Ameenee Magu",Residential,TH,Tata Housing,Maldives Gaakoshi P1,Maldives Gaakoshi Phase 1,MALDIVES GAAKOSHI P1,SAP,International,I,NOINVSTATUS,Tata Housing,APEX Realty Pvt. Ltd.,,,
1010,IFMOD1,ARIMLOP01,Apex,"Nadhee, Odeon – 2",International,R120,Premium Homes,20263,Male,Male,,"Block-263, Fandiyaaru Magu",Residential,TH,Tata Housing,Maldives Odeon,Maldives Odeon,MALDIVES ODEON,SAP,International,I,NOINVSTATUS,Tata Housing,APEX Realty Pvt. Ltd.,,,
1080,EBSARI,KREBSAP01,Ariana Kri,Ariana,East,R120,Premium Homes,751010,Bhubaneswar,Khurda,,Shankarpur Mouza,Residential,TH,Tata Housing,Ariana Premium Ph 1,Ariana Premium Ph 1,ARIANA PREMIUM PH 1,SAP,East,E,COMPLETED,Tata Housing,Kriday Realty Private Ltd,,,
1080,EBSARI,KREBSAP02,Ariana Kri,Ariana,East,R120,Premium Homes,751010,Bhubaneswar,Khurda,,Shankarpur Mouza,Residential,TH,Tata Housing,Ariana Premium Ph 2,Ariana Premium Ph 2,ARIANA PREMIUM PH 2,SAP,East,E,COMPLETED,Tata Housing,Kriday Realty Private Ltd,,,
3020,SBERI1,SPSPYRS01,Peenya,NH Peenya,South,R150,Senior Living,562123,Bengaluru,Bangalore North Taluk,,Dasanapura Hobli,Residential,TV,Tata Value Homes,SVH-Peenya -Riva ph1,SVH- Peenya - Riva phase 1,SVH-PEENYA -RIVA PH1,SAP,South,S,COMPLETED,Tata Value Homes,SVH (Peenya Project) PL,,,
3020,SBERI1,SPSPYRS02,Peenya,NH Peenya,South,R150,Senior Living,562123,Bengaluru,Bangalore North Taluk,,Dasanapura Hobli,Residential,TV,Tata Value Homes,SVH-Peenya -Riva ph2,SVH- Peenya - Riva phase 2,SVH-PEENYA -RIVA PH2,SAP,South,S,COMPLETED,Tata Value Homes,SVH (Peenya Project) PL,,,
3020,SBENH1,SPSPYNA01,Peenya,NH Peenya,South,R110,Affortable Homes,562123,Bengaluru,Bangalore North Taluk,,Dasanapura Hobli,Residential,TV,Tata Value Homes,SVH- Peenya - NH ph1,SVH- Peenya - NH phase 1,SVH- PEENYA - NH PH1,SAP,South,S,COMPLETED,Tata Value Homes,SVH (Peenya Project) PL,,,
3020,SBENH1,SPSPYNA02,Peenya,NH Peenya,South,R110,Affortable Homes,562123,Bengaluru,Bangalore North Taluk,,Dasanapura Hobli,Residential,TV,Tata Value Homes,SVH- Peenya - NH ph2,SVH- Peenya - NH phase 2,SVH- PEENYA - NH PH2,SAP,South,S,COMPLETED,Tata Value Homes,SVH (Peenya Project) PL,,,
1090,NSOMY1,PINKSML01,"Kausouli,",Myst,North,R130,Luxury Homes,173206,Solan,Solan,KASAULI,"Kalth, Tehsil Kasauli",Residential,TH,Tata Housing,Kasauli Myst Lux.Ph1,Kasauli Myst Luxury Ph1,KASAULI MYST LUX.PH1,SAP,North,N,ONGOING,Tata Housing,Princeton Infra Pvt. Ltd.,,,
1090,NKSML2,PINKSML02,"Kausouli,",Myst,North,R130,Luxury Homes,173206,Solan,Solan,KASAULI,"Kalth, Tehsil Kasauli",Residential,TH,Tata Housing,Kasauli Myst Lux.Ph2,Kasauli Myst Luxury Ph2,KASAULI MYST LUX.PH2,SAP,North,N,ONGOING,Tata Housing,Princeton Infra Pvt. Ltd.,,,
1100,NGGGG1,LTNGGGP01,Gurgaon Ga,Gurgaon Gateway,North,R120,Premium Homes,122017,Gurgaon,Gurgaon,GURGAON,"Village Bajghera, Sector 112",Residential,TH,Tata Housing,LT-GG.Gateway Prem.1,Lemon Tree -Gurgaon Gateway-Premium Ph1,LT-GG.GATEWAY PREM.1,SAP,North,N,COMPLETED,Tata Housing,Gatevida Developers P Ltd,,X,
1000,WMDAP1,THWMDAP01,Mulund,Aveza,West,R120,Premium Homes,400081,Mumbai,Mumbai,,"Mhada Colony, Mulund",Residential,TH,Tata Housing,"Aveza,Mulund Prem. 1","Aveza, Mulund Premium Ph1","AVEZA,MULUND PREM. 1",SAP,West,W,ONGOING,Tata Housing,Tata Housing Dev Co. Ltd,,,
1000,WMDAP1,THWMDAP02,Mulund,Aveza,West,R120,Premium Homes,400081,Mumbai,Mumbai,,"Mhada Colony, Mulund",Residential,TH,Tata Housing,"Aveza,Mulund Prem. 2","Aveza, Mulund Premium Ph2","AVEZA,MULUND PREM. 2",SAP,West,W,ONGOING,Tata Housing,Tata Housing Dev Co. Ltd,,,
3000,SKUSA1,TVSKUST01,Kutahmbakk,Santorini,South,R110,Affortable Homes,602103,Chennai,Thiruvallur,,"Irulapalayam Road, Off NH4",Residential,TV,Tata Value Homes,Santorini  Kuthu.Ph1,Santorini  Kuthumbakkam - Ph1,SANTORINI  KUTHU.PH1,SAP,South,S,ONGOING,Tata Value Homes,Tata Value Homes Limited,,,
1000,ERJAP1,THEKLAP01,Avenida,Avenida,East,R120,Premium Homes,700156,Kolkata,Kolkata,,"Rajarhat II, Kolkata",Residential,TH,Tata Housing,R-Avenida Premium.P1,Rajarhat - Avenida Premium ph1,R-AVENIDA PREMIUM.P1,SAP,East,E,ONGOING,Tata Housing,Tata Housing Dev Co. Ltd,,X,
1000,ERJAP1,THEKLAP02,Avenida,Avenida,East,R120,Premium Homes,700156,Kolkata,Kolkata,,"Rajarhat II, Kolkata",Residential,TH,Tata Housing,R-Avenida Premium.P2,Rajarhat - Avenida Premium ph2,R-AVENIDA PREMIUM.P2,SAP,East,E,ONGOING,Tata Housing,Tata Housing Dev Co. Ltd,,X,
1000,ERJAP1,THEKLAP03,Avenida,Avenida,East,R120,Premium Homes,700156,Kolkata,Kolkata,,"Rajarhat II, Kolkata",Residential,TH,Tata Housing,R-Avenida Premium.P3,Rajarhat - Avenida Premium ph3,R-AVENIDA PREMIUM.P3,SAP,East,E,ONGOING,Tata Housing,Tata Housing Dev Co. Ltd,,X,
1000,ERJAP1,THEKLAP04,Avenida,Avenida,East,R120,Premium Homes,700156,Kolkata,Kolkata,,"Rajarhat II, Kolkata",Residential,TH,Tata Housing,R-Avenida Premium.P4,Rajarhat - Avenida Premium ph4,R-AVENIDA PREMIUM.P4,SAP,East,E,ONGOING,Tata Housing,Tata Housing Dev Co. Ltd,,X,
3000,SMBNH1,TVSMBNH01,Mambakkam,NH Ribbon Walk,South,R110,Affortable Homes,600127,Chennai,Kancheepuram,,Vandalur Kelambakkam Rd,Residential,TV,Tata Value Homes,Mambakkam - NH Ph1,Mambakkam - New Haven Ph1,MAMBAKKAM - NH PH1,SAP,South,S,ONGOING,Tata Value Homes,Tata Value Homes Limited,,,
1130,NSOAL1,SONGGAL01,Sohna City,Arabella,North,R130,Luxury Homes,122103,Gurgaon,Sohna,,"Sec 11 and 14, Sohna",Residential,TH,Tata Housing,Sohna-Arabella Ph1,Sohna City - Arabella Ph1,SOHNA-ARABELLA PH1,SAP,North,N,ONGOING,Tata Housing,Sohna City LLP,,,
1130,NSOAL1,SONGGAL03,Sohna City,Arabella,North,R130,Luxury Homes,122103,Gurgaon,Sohna,,"Sec 11 and 14, Sohna",Residential,TH,Tata Housing,Sohna-Arabella Ph3,Sohna City - Arabella Ph3,SOHNA-ARABELLA PH3,SAP,North,N,ONGOING,Tata Housing,Sohna City LLP,,,
1130,NSOAL1,SONSOC000,Sohna City,Arabella,North,RONI,Regional Office North India,122103,Gurgaon,Sohna,,"Sec 11 and 14, Sohna",Residential,TH,Tata Housing,Sohna City- Common,Sohna City- Common project,SOHNA CITY- COMMON,SAP,North,N,ONGOING,Tata Housing,Sohna City LLP,,,
3051,NBHNH1,HPNBGNH01,Bahadurgar,NH Bahadurgarh,North,R110,Affortable Homes,122001,Bahadurgarh,Jhajjar,,"Sector 37, Village Nuna Majra",Residential,TV,Tata Value Homes,HLP-BahadurGarh NH 1,HL PROMOTERS- BahadurGarh New Heaven Ph1,HLP-BAHADURGARH NH 1,SAP,North,N,ONGOING,Tata Value Homes,HL Promoters Private Ltd,,,
3051,NBHNH2,HPNBGNH02,Bahadurgar,NH Bahadurgarh,North,R110,Affortable Homes,122001,Bahadurgarh,Jhajjar,,"Sector 37, Village Nuna Majra",Residential,TV,Tata Value Homes,HLP-BahadurGarh NH 2,HL PROMOTERS- BahadurGarh New Heaven Ph2,HLP-BAHADURGARH NH 2,SAP,North,N,ONGOING,Tata Value Homes,HL Promoters Private Ltd,,,
3030,WBONH1,TVWBRNH01,Boisar II,NH Boisar II,West,R110,Affortable Homes,401501,Boisar,Palghar,,"Village Panchali, Palghar",Residential,TV,Tata Value Homes,BoisarII - Affd. PH1,Boisar II - Affordable PH 1,BOISARII - AFFD. PH1,SAP,West,W,ONGOING,Tata Value Homes,SVH (Boisar) PL,,,
3030,WBONH1,TVWBRNH1B,Boisar II,NH Boisar II,West,R110,Affortable Homes,401501,Boisar,Palghar,,"Village Panchali, Palghar",Residential,TV,Tata Value Homes,BoisarII -Affd. PH1B,Boisar II - Affordable PH 1B,BOISARII -AFFD. PH1B,SAP,West,W,ONGOING,Tata Value Homes,SVH (Boisar) PL,,,
3030,WBONH1,TVWBRNH1C,Boisar II,NH Boisar II,West,R110,Affortable Homes,401501,Boisar,Palghar,,"Village Panchali, Palghar",Residential,TV,Tata Value Homes,BoisarII -Affd. PH1C,Boisar II - Affordable PH 1C,BOISARII -AFFD. PH1C,SAP,West,W,ONGOING,Tata Value Homes,SVH (Boisar) PL,,,
1000,WGORA1,THWGOSA01,Goa,Rio De Goa,West,R110,Affortable Homes,403803,Goa,South Goa,,Mormugao,Residential,TH,Tata Housing,Goa II  Sancoale Ph1,Goa II  Sancoale Ph1,GOA II  SANCOALE PH1,SAP,West,W,ONGOING,Tata Housing,Tata Housing Dev Co. Ltd,,X,
1000,WGORA1,THWGOSA02,Goa,Rio De Goa,West,R110,Affortable Homes,403803,Goa,South Goa,,Mormugao,Residential,TH,Tata Housing,Goa II  Sancoale Ph2,Goa II  Sancoale Ph2,GOA II  SANCOALE PH2,SAP,West,W,ONGOING,Tata Housing,Tata Housing Dev Co. Ltd,,X,
1000,WGORA1,THWGOSA03,Goa,Rio De Goa,West,R110,Affortable Homes,403803,Goa,South Goa,,Mormugao,Residential,TH,Tata Housing,Goa II  Sancoale Ph3,Goa II  Sancoale Ph3,GOA II  SANCOALE PH3,SAP,West,W,ONGOING,Tata Housing,Tata Housing Dev Co. Ltd,,X,
1000,WGORA1,THWGOSA04,Goa,Rio De Goa,West,R110,Affortable Homes,403803,Goa,South Goa,,Mormugao,Residential,TH,Tata Housing,Goa II  Sancoale Ph4,Goa II  Sancoale Ph4,GOA II  SANCOALE PH4,SAP,West,W,ONGOING,Tata Housing,Tata Housing Dev Co. Ltd,,X,
1010,IMLAA1,ARIMLAA01,Apex,"Nadhee, Odeon – 2",International,R110,Affortable Homes,20162,Male,Male,,"No.162, Majeedhee Magu",Residential,TH,Tata Housing,Maldives Arabiyya,Maldives Arabiyya,MALDIVES ARABIYYA,SAP,International,I,NOINVSTATUS,Tata Housing,APEX Realty Pvt. Ltd.,,,
1100,NGGSP1,LTNGGSP02,La Vida,La Vida,North,R120,Premium Homes,122017,Gurgaon,Gurgaon,,"Village Bajghera, Sector 113",Residential,TH,Tata Housing,LT-Sector113 Prem 2,Lemon Tree - Sector 113 - Premium Ph2,LT-SECTOR113 PREM 2,SAP,North,N,ONGOING,Tata Housing,Gatevida Developers P Ltd,,,
1050,WTHSL1,APWTHSL01,Thane,Serein,West,R130,Luxury Homes,400610,Thane,Thane,,"Pokhran Road No 2, Thane West",Residential,TH,Tata Housing,APPL-Serein Th Ph1,Ardent Properties - Serein Thane Ph1,APPL-SEREIN TH PH1,SAP,West,W,ONGOING,Tata Housing,Ardent Properties Pvt Ltd,,,
1000,NGGEW1,THNGGEW01,Gurgaon Pr,Primanti,North,R100,Value Homes,122001,Gurgaon,Gurgaon,,"Village Fazalpur, Jharsa",Residential,TH,Tata Housing,GG Primanti -EWS ph1,Gurgaon Primanti - EWS ph1,GG PRIMANTI -EWS PH1,SAP,North,N,COMPLETED,Tata Housing,Tata Housing Dev Co. Ltd,,X,
1000,NGGEW1,THNGGEW02,Gurgaon Pr,Primanti,North,R100,Value Homes,122001,Gurgaon,Gurgaon,,"Village Fazalpur, Jharsa",Residential,TH,Tata Housing,GG Primanti -EWS ph2,Gurgaon Primanti - EWS ph2,GG PRIMANTI -EWS PH2,SAP,North,N,COMPLETED,Tata Housing,Tata Housing Dev Co. Ltd,,X,
3000,SORPD1,TVSORCE01,Crescent,Crescent Enclave,South,R110,Affortable Homes,600034,Chennai,Nungambakkam,,"Walajabad Main Road,",Residential,TV,Tata Value Homes,Crescent Enclave-Ph1,"Crescent Enclave,Oragadam Affordable Ph1",CRESCENT ENCLAVE-PH1,SAP,South,S,COMPLETED,Tata Value Homes,Tata Value Homes Limited,,X,
1071,EALTL1,KOEALTL01,Alipore,88 East,East,R130,Luxury Homes,700027,Kolkata,Kolkata,,"34, DH Road, Near Majarhat bridge",Residential,TH,Tata Housing,Kolkata-One Alipore1,Kolkata-One Excelton -Alipore ph1,KOLKATA-ONE ALIPORE1,SAP,East,E,ONGOING,Tata Housing,Kolkata-One Excelton PLTD,,,
3060,NNDEA1,LKNSGEU01,LandKart,Eureka Park,North,R110,Affortable Homes,201310,Noida,Gautam Buddha Nagar,,"SC 02, A1, Sector-150",Residential,TV,Tata Value Homes,LK Eureka Park - Ph1,Lank Kart Eureka  Park - Ph1,LK EUREKA PARK - PH1,SAP,North,N,ONGOING,Tata Value Homes,Land KartBuilders Pvt Ltd,,,
3060,NNDEA1,LKNSGEU02,LandKart,Eureka Park,North,R110,Affortable Homes,201310,Noida,Gautam Buddha Nagar,,"SC 02, A1, Sector-150",Residential,TV,Tata Value Homes,LK Eureka Park - Ph2,Lank Kart Eureka  Park - Ph2,LK EUREKA PARK - PH2,SAP,North,N,ONGOING,Tata Value Homes,Land KartBuilders Pvt Ltd,,,
5100,SKOTR1,TRSKOKO07,TRITVAM,Tritvam,South,C120,Commercial,682018,Kochi,Ernakulam,,"GIDA Road, Marine Drive",Residential,TR,Tata Realty,RE NF N SEZ Common,RE NF N SEZ Common,RE NF N SEZ COMMON,SAP,South,S,ONGOING,Tata Realty,TATA Realty & Infra Ltd.,,,
1100,NGGSE1,GVNGGES01,La Vida,La Vida,North,E100,Education/School,122017,Gurgaon,Gurgaon,,"Village Bajgira , Sector 113",Residential,TH,Tata Housing,Gate Vida -Edu/S Ph1,Gate Vida - Education/ School Ph1,GATE VIDA -EDU/S PH1,SAP,North,N,ONGOING,Tata Housing,Gatevida Developers P Ltd,,,
1150,SOBLP8,OBSBGPD02,OBLP,SWARAM,South,R130,Luxury Homes,562157,Bangalore,Bangalore Rural,BANGALORE,"Shettigere,Doddajala",Residential,TH,Tata Housing,OBLP- Plotted Dev 02,OBLP- Plotted Development  Ph2,OBLP- PLOTTED DEV 02,SAP,South,S,NOINVSTATUS,Tata Housing,One Bangalore Lux Pro LLP,,,
3000,WTGLA4,TVWTGLA04,Talegaon,La Montana,West,R110,Affortable Homes,412106,PUNE,Talegaon,,"MIDC Gate Chowk, Talegaon",Residential,TV,Tata Value Homes,"La Montana, Tale Ph4","La Montana, Talegaon ph4","LA MONTANA, TALE PH4",SAP,West,W,ONGOING,Tata Value Homes,Tata Value Homes Limited,,,
1100,NGGSP2,LTNGGSP03,La Vida,La Vida,North,R120,Premium Homes,122017,Gurgaon,Gurgaon,,"La Vida, Bajgera Road, Sector 113",Residential,TH,Tata Housing,Gatevita Sec113 ph2,Gatevita - Sector 113 - Premium Ph2,GATEVITA SEC113 PH2,SAP,North,N,ONGOING,Tata Housing,Gatevida Developers P Ltd,,,
1000,ERHEP1,THEKLEP01,Kolk Eden,Eden Court,East,R120,Premium Homes,412106,PUNE,Talegaon,,"MIDC Gate Chowk, Talegaon",Residential,TH,Tata Housing,Kolk Eden Prim PH1,Kolkata Eden Court Primo PH1,KOLK EDEN PRIM PH1,SAP,East,E,COMPLETED,Tata Housing,Tata Housing Dev Co. Ltd,,X,
1000,,THECO0000,PINKSML02P,East India Common,East,ROEI,Regional Office Eastern India,NULL,NULL,NULL,NULL,NULL,Residential,TH,Tata Housing,East India Common,East India Common,EAST INDIA COMMON,SAP,East,E,NULL,Tata Housing,Tata Housing Dev Co. Ltd,X,,
1000,,THEKLE000,Eden Court,Kolkata Eden Court Common Project,East,ROEI,Regional Office Eastern India,NULL,NULL,NULL,NULL,NULL,Residential,TH,Tata Housing,Kolk Eden Court Com,Kolkata Eden Court Common Project,KOLK EDEN COURT COM,SAP,East,E,NULL,Tata Housing,Tata Housing Dev Co. Ltd,X,X,
1000,,THNCO0000,RONI Com.,North India Common,North,RONI,Regional Office North India,NULL,NULL,NULL,NULL,NULL,Residential,TH,Tata Housing,North India Common,North India Common,NORTH INDIA COMMON,SAP,North,N,NULL,Tata Housing,Tata Housing Dev Co. Ltd,X,,
1000,,THWCO0000,ROWI,Western India Common,West,ROWI,Regional Office Western Region,NULL,NULL,NULL,NULL,NULL,Residential,TH,Tata Housing,Western India Common,Western India Common,WESTERN INDIA COMMON,SAP,West,W,NULL,Tata Housing,Tata Housing Dev Co. Ltd,X,,
1090,,PINCO0000,RONI Com.,RONI Common,North,RONI,Regional Office North India,NULL,NULL,NULL,NULL,NULL,Residential,TH,Tata Housing,RONI Common,RONI Common,RONI COMMON,SAP,North,N,NULL,Tata Housing,Princeton Infra Pvt. Ltd.,X,,
1100,,LTNCO0000,GATE VIDA,Nort India Common - Lemon Tree,North,CORP,Corporate,NULL,NULL,NULL,NULL,NULL,Residential,TH,Tata Housing,Nort India Common,Nort India Common - Lemon Tree,NORT INDIA COMMON,SAP,North,N,NULL,Tata Housing,Gatevida Developers P Ltd,X,,
5380,NA,MRNGGMR03,MIKADO,Intellion Park Gurgaon,North,C120,Commercial,NULL,NULL,NULL,NULL,NULL,Commercial,TR,Tata Realty,Intellion Park (MIKA,Intellion Park (MIKADO II),INTELLION PARK (MIKA,SAP,North,N,NULL,Tata Realty,Mikado Realtors Pvt Ltd,,,
5380,NA,MRNGGMR04,MIKADO,Intellion Park Gurgaon,North,C120,Commercial,NULL,NULL,NULL,NULL,NULL,Commercial,TR,Tata Realty,Intellion Park (MIKA,Intellion Park (MIKADO Common),INTELLION PARK (MIKA,SAP,North,N,NULL,Tata Realty,Mikado Realtors Pvt Ltd,,,
5390,NA,IMWMUIM01,IMCC,Intellion Park Navi Mumbai,West,C120,Commercial,NULL,NULL,NULL,NULL,NULL,Commercial,TR,Tata Realty,INTELLION PARK Commo,INTELLION PARK Common Project,INTELLION PARK COMMO,SAP,West,W,NULL,Tata Realty,INDUSTRIAL MINERALS & CHE,,,
5390,NA,IMWNMDC01,IMCC,Intellion Park Navi Mumbai,West,C120,Commercial,NULL,NULL,NULL,NULL,NULL,Commercial,TR,Tata Realty,INTEL PARK DC ph2,INTELLION PARK Data Center Ph2,INTEL PARK DC PH2,SAP,West,W,NULL,Tata Realty,INDUSTRIAL MINERALS & CHE,,,
5390,NA,IMWNMIP01,IMCC,Intellion Park Navi Mumbai,West,C120,Commercial,NULL,NULL,NULL,NULL,NULL,Commercial,TR,Tata Realty,INTEL PARK Comm ph1,INTELLION PARK Commercial Ph01,INTEL PARK COMM PH1,SAP,West,W,NULL,Tata Realty,INDUSTRIAL MINERALS & CHE,,,
5170,NA,TCSBGTC02,TCL,Intellion Edge Yeswanthpur,South,C120,Commercial,NULL,NULL,NULL,NULL,NULL,Commercial,TR,Tata Realty,NF-NSEZ-Comm,RE NF N SEZ Common,NF-NSEZ-COMM,SAP,South,S,NULL,Tata Realty,TRIL Constructions Ltd,,,
5330,NA,TISCHTI01,RITC,Intellion Park Ramanujan,South,C120,Commercial,NULL,NULL,NULL,NULL,NULL,Commercial,TR,Tata Realty,Hewlett packard,Hewlett packard,HEWLETT PACKARD,SAP,South,S,NULL,Tata Realty,TRIL Infopark Limited,,,
5330,NA,TISCHTI13,RITC,Intellion Park Ramanujan,South,C120,Commercial,NULL,NULL,NULL,NULL,NULL,Commercial,TR,Tata Realty,Processing Zone,Processing Zone,PROCESSING ZONE,SAP,South,S,NULL,Tata Realty,TRIL Infopark Limited,,,
5370,NA,IINGGII01,IIPL,Trilium Avenue Gurgaon,North,C140,Multi Level Car Park,NULL,NULL,NULL,NULL,NULL,Commercial,TR,Tata Realty,Inter Infra Common,Common - International Infrabid pvt ltd,INTER INFRA COMMON,SAP,North,N,NULL,Tata Realty,International Infrabuild,,,
5380,NA,MRNGGMR01,MIKADO,Intellion Park Gurgaon,North,C100,Retail / Shopping,NULL,NULL,NULL,NULL,NULL,Commercial,TR,Tata Realty,Common - Mikado Real,Common - Mikado Realtors Pvt ltd,COMMON - MIKADO REAL,SAP,North,N,NULL,Tata Realty,Mikado Realtors Pvt Ltd,,,
5380,NA,MRNGGMR02,MIKADO,Intellion Park Gurgaon,North,C120,Commercial,NULL,NULL,NULL,NULL,NULL,Commercial,TR,Tata Realty,Intellion Park (MIKA,Intellion Park (MIKADO I B),INTELLION PARK (MIKA,SAP,North,N,NULL,Tata Realty,Mikado Realtors Pvt Ltd,,,
5110,NA,GRNGGGR02,GRL,Intellion Edge Gurgaon,North,C120,Commercial,NULL,NULL,NULL,NULL,NULL,Commercial,TR,Tata Realty,Gurgoan Realtec,Gurgoan Realtec,GURGOAN REALTEC,SAP,North,N,NULL,Tata Realty,Gurgaon Realtech Ltd.,,,
5120,NA,GCNGGGC01,GCW,Intellion Edge Gurgaon,North,C120,Commercial,NULL,NULL,NULL,NULL,NULL,Commercial,TR,Tata Realty,TRPL - MAJEL,Madhucon Agra Jaipur Expressways Pvt Ltd,TRPL - MAJEL,SAP,North,N,NULL,Tata Realty,Gurgaon Construct Well,,,
5120,NA,GCNGGGC02,GCW,Intellion Edge Gurgaon,North,C120,Commercial,NULL,NULL,NULL,NULL,NULL,Commercial,TR,Tata Realty,Gurgaon Construct,RE F N SEZ Resi Gurgaon Construct Common,GURGAON CONSTRUCT,SAP,North,N,NULL,Tata Realty,Gurgaon Construct Well,,,
5130,NA,ITWMLIT01,IT4,Intellion Square Mumbai,West,C120,Commercial,NULL,NULL,NULL,NULL,NULL,Commercial,TR,Tata Realty,RE F SEZ Corp TRIF R,RE F SEZ Corp TRIF Realty Corp,RE F SEZ CORP TRIF R,SAP,West,W,NULL,Tata Realty,TRIL IT4 Private Limited,,,
5140,NA,AINGGAI01,Arrow,Intellion Edge Gurgaon,North,C120,Commercial,NULL,NULL,NULL,NULL,NULL,Commercial,TR,Tata Realty,Arrow Infra,RE F N SEZ Resi Arrow Infra Corp,ARROW INFRA,SAP,North,N,NULL,Tata Realty,Arrow Infra Estates Pvt L,,,
5170,NA,TCSBGTC01,TCL,Intellion Edge Yeswanthpur,South,C120,Commercial,NULL,NULL,NULL,NULL,NULL,Commercial,TR,Tata Realty,TRIL Const,RE F N SEZ Resi TRIL Const Corp,TRIL CONST,SAP,South,S,NULL,Tata Realty,TRIL Constructions Ltd,,,
3010,NA,ASWAHSG02,Arvind LLP,NH Compact,West,R100,Value Homes,NULL,NULL,NULL,NULL,NULL,Residential,TV,Tata Value Homes,"SG, Ahmedabad PH2",Ahmedabad  Shubh Griha Ph2,"SG, AHMEDABAD PH2",SAP,West,W,NULL,Tata Value Homes,Arvind & Smart Value Home,,,
3020,NA,SVPCC0000,Peenya,NH Peenya,South,ROSI,Regional Office South India,NULL,NULL,NULL,NULL,NULL,Residential,TV,Tata Value Homes,SVH-Peenya-Corp. Co.,SVH- Peenya - Corporate Common PC.,SVH-PEENYA-CORP. CO.,SAP,South,S,NULL,Tata Value Homes,SVH (Peenya Project) PL,,,
3030,NA,TVWBRNH1,Boisar II,NH Boisar II,West,R110,Affortable Homes,NULL,NULL,NULL,NULL,NULL,Residential,TV,Tata Value Homes,BoisarII -Affd. PH1C,Boisar II - Affordable PH 1C,BOISARII -AFFD. PH1C,SAP,West,W,NULL,Tata Value Homes,SVH (Boisar) PL,,,
5100,NA,TRSKOHO01,TRITVAM,Tritvam,South,CORP,Corporate,NULL,NULL,NULL,NULL,NULL,Residential,TR,Tata Realty,Kochi Common,Kochi Common,KOCHI COMMON,SAP,South,S,NULL,Tata Realty,TATA Realty & Infra Ltd.,,,
5100,NA,TRSKOKO01,TRITVAM,Tritvam,South,R120,Premium Homes,NULL,NULL,NULL,NULL,NULL,Residential,TR,Tata Realty,TRIF Kochi-A,RE F N SEZ Resi TRIF Kochi Bldg A,TRIF KOCHI-A,SAP,South,S,NULL,Tata Realty,TATA Realty & Infra Ltd.,,,
5110,NA,GRNGGGR01,GRL,Intellion Edge Gurgaon,North,C120,Commercial,NULL,NULL,NULL,NULL,NULL,Commercial,TR,Tata Realty,Gurgaon Real,RE F N SEZ Resi Gurgaon Real Corp,GURGAON REAL,SAP,North,N,NULL,Tata Realty,Gurgaon Realtech Ltd.,,,
3010,NA,ASWAHNC03,Arvind LLP,NH Compact,West,R110,Affortable Homes,NULL,NULL,NULL,NULL,NULL,Residential,TV,Tata Value Homes,Ahbad NH Compact -C3,Ahmedabad New Haven -Compact (Cluster 3),AHBAD NH COMPACT -C3,SAP,West,W,NULL,Tata Value Homes,Arvind & Smart Value Home,,,
3010,NA,ASWAHNC04,Arvind LLP,NH Compact,West,R110,Affortable Homes,NULL,NULL,NULL,NULL,NULL,Residential,TV,Tata Value Homes,Ahbad NH Compact -C4,Ahmedabad New Haven -Compact (Cluster4),AHBAD NH COMPACT -C4,SAP,West,W,NULL,Tata Value Homes,Arvind & Smart Value Home,,,
3010,NA,ASWAHNH01,Arvind LLP,NH Compact,West,R110,Affortable Homes,NULL,NULL,NULL,NULL,NULL,Residential,TV,Tata Value Homes,Ahbad New Haven ph1,Ahmedabad New Haven ph1,AHBAD NEW HAVEN PH1,SAP,West,W,NULL,Tata Value Homes,Arvind & Smart Value Home,,,
3010,NA,ASWAHNH02,Arvind LLP,NH Compact,West,R110,Affortable Homes,NULL,NULL,NULL,NULL,NULL,Residential,TV,Tata Value Homes,Ahbad New Haven ph2,Ahmedabad New Haven ph2,AHBAD NEW HAVEN PH2,SAP,West,W,NULL,Tata Value Homes,Arvind & Smart Value Home,,,
3010,NA,ASWAHNH03,Arvind LLP,NH Compact,West,R110,Affortable Homes,NULL,NULL,NULL,NULL,NULL,Residential,TV,Tata Value Homes,Ahbad New Haven ph3,Ahmedabad New Haven ph3,AHBAD NEW HAVEN PH3,SAP,West,W,NULL,Tata Value Homes,Arvind & Smart Value Home,,,
3010,NA,ASWAHRT01,Arvind LLP,NH Compact,West,C100,Retail / Shopping,NULL,NULL,NULL,NULL,NULL,Residential,TV,Tata Value Homes,Ahmedabad Retail,Ahmedabad Retail,AHMEDABAD RETAIL,SAP,West,W,NULL,Tata Value Homes,Arvind & Smart Value Home,,,
3000,NA,TVSKUST02,Kutahmbakk,Santorini,South,R110,Affortable Homes,NULL,NULL,NULL,NULL,NULL,Residential,TV,Tata Value Homes,Santorini  Kuthu.Ph2,Santorini  Kuthumbakkam - Ph2,SANTORINI  KUTHU.PH2,SAP,South,S,NULL,Tata Value Homes,Tata Value Homes Limited,,,
3000,NA,TVSMBNH02,Mambakkam,NH Ribbon Walk,South,R110,Affortable Homes,NULL,NULL,NULL,NULL,NULL,Residential,TV,Tata Value Homes,Mambakkam - NH Ph2,Mambakkam - New Haven Ph2,MAMBAKKAM - NH PH2,SAP,South,S,NULL,Tata Value Homes,Tata Value Homes Limited,,,
3000,NA,TVSMBRS01,Mambakkam,NH Ribbon Walk,South,R150,Senior Living,NULL,NULL,NULL,NULL,NULL,Residential,TV,Tata Value Homes,Mambakkam-Riva SL P1,Mambakkam - Riva Senior Living Ph1,MAMBAKKAM-RIVA SL P1,SAP,South,S,NULL,Tata Value Homes,Tata Value Homes Limited,,,
3010,NA,ASCCO0000,Arvind LLP,NH Compact,West,CORP,Corporate,NULL,NULL,NULL,NULL,NULL,Residential,TV,Tata Value Homes,Corporate Common,Corporate Common,CORPORATE COMMON,SAP,West,W,NULL,Tata Value Homes,Arvind & Smart Value Home,,,
3010,NA,ASWAHAL01,Arvind LLP,NH Compact,West,R110,Affortable Homes,NULL,NULL,NULL,NULL,NULL,Residential,TV,Tata Value Homes,Ah'bad Assisted Livg,Ahmedabad Assisted living,AH'BAD ASSISTED LIVG,SAP,West,W,NULL,Tata Value Homes,Arvind & Smart Value Home,,,
3010,NA,ASWAHNC02,Arvind LLP,NH Compact,West,R110,Affortable Homes,NULL,NULL,NULL,NULL,NULL,Residential,TV,Tata Value Homes,Ahbad NH Compact -C2,Ahmedabad New Haven -Compact (Cluster2),AHBAD NH COMPACT -C2,SAP,West,W,NULL,Tata Value Homes,Arvind & Smart Value Home,,,
1090,NA,PINKSC000,"Kausouli,",Myst,North,RONI,Regional Office North India,NULL,NULL,NULL,NULL,NULL,Residential,TH,Tata Housing,Kasauli  Common Proj,Kasauli  Common Project,KASAULI  COMMON PROJ,SAP,North,N,NULL,Tata Housing,Princeton Infra Pvt. Ltd.,,,
1120,NA,PHSBSPL03,Promont Bn,The Promont,South,R130,Luxury Homes,NULL,NULL,NULL,NULL,NULL,Residential,TH,Tata Housing,"The Promont,RH Ph3","The Promont, BS. Row House Ph3","THE PROMONT,RH PH3",SAP,South,S,NULL,Tata Housing,Promont Hilltop Pvt Ltd,,X,
3000,NA,SVSKUC000,Kutahmbakk,Santorini,South,ROSI,Regional Office South India,NULL,NULL,NULL,NULL,NULL,Residential,TV,Tata Value Homes,Kuthum- Chenn Comm,Kuthumbakkam - Chennai Common Project,KUTHUM- CHENN COMM,SAP,South,S,NULL,Tata Value Homes,Tata Value Homes Limited,,,
3000,NA,SVSMBC000,Mambakkam,NH Ribbon Walk,South,ROSI,Regional Office South India,NULL,NULL,NULL,NULL,NULL,Residential,TV,Tata Value Homes,Mambakkam -Common,Mambakkam - Chennai Common Project,MAMBAKKAM -COMMON,SAP,South,S,NULL,Tata Value Homes,Tata Value Homes Limited,,,
3000,NA,SVSORC000,Cresent La,Cresent Lake Homes,South,ROSI,Regional Office South India,NULL,NULL,NULL,NULL,NULL,Residential,TV,Tata Value Homes,"CLH, Oragadam  Commn","CLH, Oragadam  Common Project","CLH, ORAGADAM  COMMN",SAP,South,S,NULL,Tata Value Homes,Tata Value Homes Limited,,,
3000,NA,SVWVSC000,Vasind,NH Vasind,West,ROWI,Regional Office Western Region,NULL,NULL,NULL,NULL,NULL,Residential,TV,Tata Value Homes,Vasind Common Proj,Vasind Common Project,VASIND COMMON PROJ,SAP,West,W,NULL,Tata Value Homes,Tata Value Homes Limited,,X,
1010,NA,ARIMLC000,Apex,"Nadhee, Odeon – 2",International,INTL,International,NULL,NULL,NULL,NULL,NULL,Residential,TH,Tata Housing,Maldives -Com Proj,Maldives -Common Project,MALDIVES -COM PROJ,SAP,International,I,NULL,Tata Housing,APEX Realty Pvt. Ltd.,,,
1010,NA,ARIMLGA02,Apex,"Nadhee, Odeon – 2",International,C100,Retail / Shopping,NULL,NULL,NULL,NULL,NULL,Residential,TH,Tata Housing,Maldives Gaakoshi P2,Maldives Gaakoshi Phase 2,MALDIVES GAAKOSHI P2,SAP,International,I,NULL,Tata Housing,APEX Realty Pvt. Ltd.,,,
1010,NA,ARIMLNP01,Apex,"Nadhee, Odeon – 2",International,R120,Premium Homes,NULL,NULL,NULL,NULL,NULL,Residential,TH,Tata Housing,Maldives Nadhee,Maldives Nadhee,MALDIVES NADHEE,SAP,International,I,NULL,Tata Housing,APEX Realty Pvt. Ltd.,,,
1050,NA,APWTHSL02,Thane,Serein,West,R130,Luxury Homes,NULL,NULL,NULL,NULL,NULL,Residential,TH,Tata Housing,APPL-Serein Th Ph2,Ardent Properties - Serein Thane Ph2,APPL-SEREIN TH PH2,SAP,West,W,NULL,Tata Housing,Ardent Properties Pvt Ltd,,,
1080,NA,KREBSAP03,Ariana Kri,Ariana,East,R120,Premium Homes,NULL,NULL,NULL,NULL,NULL,Residential,TH,Tata Housing,Ariana Premium Ph 3,Ariana Premium Ph 3,ARIANA PREMIUM PH 3,SAP,East,E,NULL,Tata Housing,Kriday Realty Private Ltd,,,
1080,NA,KREBSC000,Ariana Kri,Ariana,East,ROEI,Regional Office Eastern India,NULL,NULL,NULL,NULL,NULL,Residential,TH,Tata Housing,Bhubaneswar Com Proj,Bhubaneswar Common Project,BHUBANESWAR COM PROJ,SAP,East,E,NULL,Tata Housing,Kriday Realty Private Ltd,,,
1000,NA,THNGGPL02,Gurgaon Pr,Primanti,North,R130,Luxury Homes,NULL,NULL,NULL,NULL,NULL,Residential,TH,Tata Housing,Gurgn Prim(Villas)P2,Gurgaon Primanti(Villas) PH2,GURGN PRIM(VILLAS)P2,SAP,North,N,NULL,Tata Housing,Tata Housing Dev Co. Ltd,,X,
1000,NA,THNGGPR01,Gurgaon Pr,Primanti,North,C100,Retail / Shopping,NULL,NULL,NULL,NULL,NULL,Residential,TH,Tata Housing,Gurgaon Retail ph1,Gurgaon Primanti - Retail ph1,GURGAON RETAIL PH1,SAP,North,N,NULL,Tata Housing,Tata Housing Dev Co. Ltd,,X,
1000,NA,THNGGPR02,Gurgaon Pr,Primanti,North,C100,Retail / Shopping,NULL,NULL,NULL,NULL,NULL,Residential,TH,Tata Housing,Gurgaon Retail ph2,Gurgaon Primanti - Retail ph2,GURGAON RETAIL PH2,SAP,North,N,NULL,Tata Housing,Tata Housing Dev Co. Ltd,,X,
1000,NA,THWGOSA05,Goa,Rio De Goa,West,R110,Affortable Homes,NULL,NULL,NULL,NULL,NULL,Residential,TH,Tata Housing,Goa II  Sancoale Ph5,Goa II  Sancoale Ph5,GOA II  SANCOALE PH5,SAP,West,W,NULL,Tata Housing,Tata Housing Dev Co. Ltd,,X,
1000,NA,THWKYC000,"Amantra,Kl",Amantra,West,ROWI,Regional Office Western Region,NULL,NULL,NULL,NULL,NULL,Residential,TH,Tata Housing,"Amantra, Klyn -Com P","Amantra, Kalyan -Common Project","AMANTRA, KLYN -COM P",SAP,West,W,NULL,Tata Housing,Tata Housing Dev Co. Ltd,,,
1000,NA,THWPRC000,Tata Colon,Tata Colony,West,R120,Premium Homes,NULL,NULL,NULL,NULL,NULL,Residential,TH,Tata Housing,TATA Colony-Parel Co,TATA Colony-Parel - Common Project,TATA COLONY-PAREL CO,SAP,West,W,NULL,Tata Housing,Tata Housing Dev Co. Ltd,,,
3051,N.A,HPNBGCO00,Bahadurgar,NH Bahadurgarh,North,R110,Affortable Homes,NULL,NULL,NULL,NULL,NULL,Residential,TV,Tata Value Homes,HL Pr-BahadurGarh Co,HL PROMOTERS- BahadurGarh Common Project,HL PR-BAHADURGARH CO,SAP,North,N,NULL,Tata Value Homes,HL Promoters Private Ltd,,,
3060,N.A,LKNEUC000,LandKart,Eureka Park,North,R100,Value Homes,NULL,NULL,NULL,NULL,NULL,Residential,TV,Tata Value Homes,LK Eureka  Park- Com,Lank Kart Eureka  Park -  Common Project,LK EUREKA  PARK- COM,SAP,North,N,NULL,Tata Value Homes,Land KartBuilders Pvt Ltd,,,
5100,N.A,TRCCOCO00,N.A,Corporate,C,CORP,Corporate,NULL,NULL,NULL,NULL,NULL,Commercial,TRIL,NotKnown,Corporate,Corporate,CORPORATE,SAP,NULL,C,NULL,Tata Realty,TATA Realty & Infra Ltd.,,,
1000,NA,KOECCO000,Alipore,88 East,East,CORP,Corporate,NULL,NULL,NULL,NULL,NULL,Residential,TH,Tata Housing,Kolkata-One Corp.Com,Kolkata-One Excelton - Corporate Common,KOLKATA-ONE CORP.COM,SAP,East,E,NULL,Tata Housing,Tata Housing Dev Co. Ltd,,,
1000,NA,TFWKYC000,"Amantra,Kl",Amantra,West,ROWI,Regional Office Western Region,NULL,NULL,NULL,NULL,NULL,Residential,TH,Tata Housing,THDC-MG KYN Amantra,THDC-MG KYN Amantra,THDC-MG KYN AMANTRA,SAP,West,W,NULL,Tata Housing,Tata Housing Dev Co. Ltd,,,
1000,NA,THNGGP000,Gurgaon Pr,Primanti,North,RONI,Regional Office North India,NULL,NULL,NULL,NULL,NULL,Residential,TH,Tata Housing,Gurgan Prim Com Proj,Gurgaon Primanti - Common Project,GURGAN PRIM COM PROJ,SAP,North,N,NULL,Tata Housing,Tata Housing Dev Co. Ltd,,X,
3000,N.A,SVCCO0000,N.A,Corporate,C,CORP,Corporate,NULL,NULL,NULL,NULL,NULL,Commercial,TVHL,NotKnown,Corporate Common,Corporate Common,CORPORATE COMMON,SAP,NULL,C,NULL,Tata Value Homes,Tata Value Homes Limited,,,
3000,N.A,SVWTGC000,Talegaon,LA Montana,West,ROWI,Regional Office Western Region,NULL,NULL,NULL,NULL,NULL,Residential,TV,Tata Value Homes,La Montana Comn Proj,"La Montana, Common Project",LA MONTANA COMN PROJ,SAP,West,W,NULL,Tata Value Homes,Tata Value Homes Limited,,,
3000,N.A,TVSOREC00,Crescent,Crescent Enclave,South,R110,Affortable Homes,NULL,NULL,NULL,NULL,NULL,Residential,TV,Tata Value Homes,Cresent Enclave Comm,Cresent Enclave Plotted Development Comm,CRESENT ENCLAVE COMM,SAP,South,S,NULL,Tata Value Homes,Tata Value Homes Limited,,,
3010,N.A,ASWAHC000,Arvind LLP,NH Compact,West,ROWI,Regional Office Western Region,NULL,NULL,NULL,NULL,NULL,Residential,TV,Tata Value Homes,"SG, Ahmedabad Commo","SG, Ahmedabad  Common Project","SG, AHMEDABAD COMMO",SAP,West,W,NULL,Tata Value Homes,Arvind & Smart Value Home,,,
3020,N.A,SPSPYC000,Peenya,Nh Peenya,South,ROSI,Regional Office South India,NULL,NULL,NULL,NULL,NULL,Residential,TV,Tata Value Homes,SVH- Peenya-Common P,SVH- Peenya - Common Project,SVH- PEENYA-COMMON P,SAP,South,S,NULL,Tata Value Homes,SVH (Peenya Project) PL,,,
3030,N.A,SVWBRC000,Boisar II,Nh Boisar II,West,ROWI,Regional Office Western Region,NULL,NULL,NULL,NULL,NULL,Residential,TV,Tata Value Homes,SVH(Br) II -Com.Proj,SVH(Br) Boisar II - Common Proj,SVH(BR) II -COM.PROJ,SAP,West,W,NULL,Tata Value Homes,SVH (Boisar) PL,,,
1000,N.A,THWG2C000,Goa,Rio De Goa,West,R120,Premium Homes,NULL,NULL,NULL,NULL,NULL,Residential,TH,Tata Housing,GoaII Common Project,Goa II Common Project,GOAII COMMON PROJECT,SAP,West,W,NULL,Tata Housing,Tata Housing Dev Co. Ltd,,,
1000,N.A,THWLNP000,"Prive, Lon",Prive,West,ROWI,Regional Office Western Region,NULL,NULL,NULL,NULL,NULL,Residential,TH,Tata Housing,"Prive, Lonavala-Com","Prive, Lonavala - Common Project","PRIVE, LONAVALA-COM",SAP,West,W,NULL,Tata Housing,Tata Housing Dev Co. Ltd,,,
1000,N.A,THWMDR100,Mulund,Aveza,West,ROWI,Regional Office Western Region,NULL,NULL,NULL,NULL,NULL,Residential,TH,Tata Housing,Resi Bldg Mulund Com,"Residential Bldgs., Mulund Common Projec",RESI BLDG MULUND COM,SAP,West,W,NULL,Tata Housing,Tata Housing Dev Co. Ltd,,,
1000,N.A,TRWNGRE03,CAPITOL HEIGHTS,CAPITOL HEIGHTS,West,R130,Luxury Homes,NULL,NULL,NULL,NULL,NULL,Residential,TR,Tata Realty,TRIF Real Estate-A,RE F N SEZ Retail TRIF Real Estat Wing A,TRIF REAL ESTATE-A,SAP,West,W,NULL,Tata Housing,Tata Housing Dev Co. Ltd,,,
1050,N.A,APWTHT000,Thane,Serein,West,ROWI,Regional Office Western Region,NULL,NULL,NULL,NULL,NULL,Residential,TH,Tata Housing,APPL-Thane One Com.P,Ardent Properties -Thane One Common Proj,APPL-THANE ONE COM.P,SAP,West,W,NULL,Tata Housing,Ardent Properties Pvt Ltd,,,
1120,N.A,PHSBSP000,Promont Bn,The Promont,South,ROSI,Regional Office South India,NULL,NULL,NULL,NULL,NULL,Residential,TH,Tata Housing,"The Promont, Banasha","The Promont, Banashankari - Common Proj","THE PROMONT, BANASHA",SAP,South,S,NULL,Tata Housing,Promont Hilltop Pvt Ltd,,,
1000,N.A,NA,RAISINA RESIDENCY,RAISINA RESIDENCY,North,NULL,NULL,NULL,NULL,NULL,NULL,NULL,Residential,TH,Tata Housing,NULL,NULL,NULL,SAP,North,N,NULL,Tata Housing,Tata Housing Dev Co. Ltd,,,
1000,N.A,SFDC_PC_NA,N.A,N.A,Not Applicable,NULL,NULL,NULL,NULL,NULL,NULL,NULL,Residential,N.A,NotKnown,NULL,NULL,NULL,SAP,Not Applicable,X,NULL,Tata Housing,Tata Housing Dev Co. Ltd,,,
1000,N.A,THCCO0000,N.A,Corporate,C,CORP,Corporate,NULL,NULL,NULL,NULL,NULL,Commercial,THDC,NotKnown,Corporate Common,Corporate Common,CORPORATE COMMON,SAP,NULL,C,NULL,Tata Housing,Tata Housing Dev Co. Ltd,,,
1000,N.A,THEKLR000,Avenida,Avenida,East,ROEI,Regional Office Eastern India,NULL,NULL,NULL,NULL,NULL,Residential,TH,Tata Housing,13 Acre Rajarhat Com,13 Acre Rajarhat Common Project,13 ACRE RAJARHAT COM,SAP,East,E,NULL,Tata Housing,Tata Housing Dev Co. Ltd,,,
1000,N.A,THNGGPP00,Gurgaon Pr,Primanti,North,R120,Premium Homes,NULL,NULL,NULL,NULL,NULL,Residential,TH,Tata Housing,Gurgan Prim Com Proj,Gurgaon Primanti - Premium Common Projec,GURGAN PRIM COM PROJ,SAP,North,N,NULL,Tata Housing,Tata Housing Dev Co. Ltd,,,
1000,N.A,THWBRC000,Boisar,Nh Boisar I,West,ROWI,Regional Office Western Region,NULL,NULL,NULL,NULL,NULL,Residential,TH,Tata Housing,Boisar - Common Proj,Boisar - Common Project,BOISAR - COMMON PROJ,SAP,West,W,NULL,Tata Housing,Tata Housing Dev Co. Ltd,,,
3030,,SBWCO0000,ROWI COM,Western India Common - TATA Value Boisar,West,ROWI,Regional Office Western Region,NULL,NULL,NULL,NULL,NULL,Residential,TV,Tata Value Homes,Western India Common,Western India Common - TATA Value Boisar,WESTERN INDIA COMMON,SAP,West,W,NULL,Tata Value Homes,SVH (Boisar) PL,X,,
3051,,HPNCCO000,HL PROMOTE,HL PROMOTERS - Corporate Common PC.,North,CORP,Corporate,NULL,NULL,NULL,NULL,NULL,Residential,TV,Tata Value Homes,HL PROMOTERS-Corp.Co,HL PROMOTERS - Corporate Common PC.,HL PROMOTERS-CORP.CO,SAP,North,N,NULL,Tata Value Homes,HL Promoters Private Ltd,X,,
5110,,TRWNGCH02,Capitol,Capitol Height,West,R120,Premium Homes,NULL,NULL,NULL,NULL,NULL,Residential,TR,Tata Realty,Capitol Heights,Capitol Heights,CAPITOL HEIGHTS,SAP,West,W,NULL,Tata Realty,Gurgaon Realtech Ltd.,,,
5330,,TISCHTI22,RITC,Intellion Park Ramanujan,South,C120,Commercial,NULL,NULL,NULL,NULL,NULL,Commercial,TR,Tata Realty,TRIL Info-Com-O&M,RE F SEZ Com TRIL Infopark O & M,TRIL INFO-COM-O&M,SAP,South,S,NULL,Tata Realty,TRIL Infopark Limited,,,
1000,N.A,1000Cap01,Capitol Heights,Capitol Heights,West,NULL,NULL,NULL,NULL,NULL,NULL,NULL,Residential,TR,Tata Realty,NULL,NULL,NULL,SAP,West,W,NULL,Tata Housing,Tata Housing Dev Co. Ltd,,,
1000,N.A,1000Rai01,Raisina Residency,Raisina Residency,North,NULL,NULL,NULL,NULL,NULL,NULL,NULL,Residential,TH,Tata Housing,NULL,NULL,NULL,SAP,North,N,NULL,Tata Housing,Tata Housing Dev Co. Ltd,,,
1100,,LTNGGL000,GATE VIDA,Common Project - Lemon Tree,North,RONI,Regional Office North India,NULL,NULL,NULL,NULL,NULL,Residential,TH,Tata Housing,Common Project-LT,Common Project - Lemon Tree,COMMON PROJECT-LT,SAP,North,N,NULL,Tata Housing,Gatevida Developers P Ltd,X,,
1120,,PHSCO0000,Promont,"Promont (HT), SOUTH  Common",South,ROSI,Regional Office South India,NULL,NULL,NULL,NULL,NULL,Residential,TH,Tata Housing,"Promont(HT),SOUTH CO","Promont (HT), SOUTH  Common","PROMONT(HT),SOUTH CO",SAP,South,S,NULL,Tata Housing,Promont Hilltop Pvt Ltd,X,X,
1150,,OBSBGPD01,OBLP,SWARAM,South,R130,Luxury Homes,NULL,NULL,NULL,NULL,NULL,Residential,TH,Tata Housing,OBLP- Plotted Dev 01,OBLP- Plotted Development  Ph1,OBLP- PLOTTED DEV 01,SAP,South,S,NULL,Tata Housing,One Bangalore Lux Pro LLP,,,
3000,,SVSCO0000,rosi,South India Common,South,ROSI,Regional Office South India,NULL,NULL,NULL,NULL,NULL,Residential,TV,Tata Value Homes,South India Common,South India Common,SOUTH INDIA COMMON,SAP,South,S,NULL,Tata Value Homes,Tata Value Homes Limited,X,,
3000,,SVWCO0000,ROWI,Western India Common,West,ROWI,Regional Office Western Region,NULL,NULL,NULL,NULL,NULL,Residential,TV,Tata Value Homes,Western India Common,Western India Common,WESTERN INDIA COMMON,SAP,West,W,NULL,Tata Value Homes,Tata Value Homes Limited,X,,
3030,,NSCCO0000,SVH(Boisar,SVH(Boisar) P L -Corporate Common,West,CORP,Corporate,NULL,NULL,NULL,NULL,NULL,Residential,TV,Tata Value Homes,SVH (Br.)P L. Co.Com,SVH(Boisar) P L -Corporate Common,SVH (BR.)P L. CO.COM,SAP,West,W,NULL,Tata Value Homes,SVH (Boisar) PL,X,,
5140,NA,AICCOAI00,NA,NotAvailable,Not Applicable,NA,NA,NA,NA,NA,NA,NA,NotApplicable,NA,NotKnown,NotAvailable,NotAvailable,NotAvailable,BI,Not Applicable,X,NULL,Tata Realty,Arrow Infra Estates Pvt L,NULL,NULL,NULL
5250,NA,ALCMUAC00,NA,NotAvailable,Not Applicable,NA,NA,NA,NA,NA,NA,NA,NotApplicable,NA,NotKnown,NotAvailable,NotAvailable,NotAvailable,BI,Not Applicable,X,NULL,Tata Realty,Acme Living Solutions,NULL,NULL,NULL
1050,NA,APCCO0000,NA,NotAvailable,Not Applicable,NA,NA,NA,NA,NA,NA,NA,NotApplicable,NA,NotKnown,NotAvailable,NotAvailable,NotAvailable,BI,Not Applicable,X,NULL,Tata Housing,Ardent Properties Pvt Ltd,NULL,NULL,NULL
1050,NA,APWTHSL00,NA,NotAvailable,Not Applicable,NA,NA,NA,NA,NA,NA,NA,NotApplicable,NA,NotKnown,NotAvailable,NotAvailable,NotAvailable,BI,Not Applicable,X,NULL,Tata Housing,Ardent Properties Pvt Ltd,NULL,NULL,NULL
1010,NA,ARCCO0000,NA,NotAvailable,Not Applicable,NA,NA,NA,NA,NA,NA,NA,NotApplicable,NA,NotKnown,NotAvailable,NotAvailable,NotAvailable,BI,Not Applicable,X,NULL,Tata Housing,APEX Realty Pvt. Ltd.,NULL,NULL,NULL
1010,NA,ARIMLLI01,NA,NotAvailable,Not Applicable,NA,NA,NA,NA,NA,NA,NA,NotApplicable,NA,NotKnown,NotAvailable,NotAvailable,NotAvailable,BI,Not Applicable,X,NULL,Tata Housing,APEX Realty Pvt. Ltd.,NULL,NULL,NULL
1020,NA,CMCCO0000,NA,NotAvailable,Not Applicable,NA,NA,NA,NA,NA,NA,NA,NotApplicable,NA,NotKnown,NotAvailable,NotAvailable,NotAvailable,BI,Not Applicable,X,NULL,Tata Housing,Concept Mktg & Advt. Ltd.,NULL,NULL,NULL
5120,NA,GCCCOGC00,NA,NotAvailable,Not Applicable,NA,NA,NA,NA,NA,NA,NA,NotApplicable,NA,NotKnown,NotAvailable,NotAvailable,NotAvailable,BI,Not Applicable,X,NULL,Tata Realty,Gurgaon Construct Well,NULL,NULL,NULL
1070,NA,GICCO0000,NA,NotAvailable,Not Applicable,NA,NA,NA,NA,NA,NA,NA,NotApplicable,NA,NotKnown,NotAvailable,NotAvailable,NotAvailable,BI,Not Applicable,X,NULL,Tata Housing,Gurgaon Infratech Pvt Ltd,NULL,NULL,NULL
5110,NA,GRCCOGR00,NA,NotAvailable,Not Applicable,NA,NA,NA,NA,NA,NA,NA,NotApplicable,NA,NotKnown,NotAvailable,NotAvailable,NotAvailable,BI,Not Applicable,X,NULL,Tata Realty,Gurgaon Realtech Ltd.,NULL,NULL,NULL
5320,NA,HFCDLHF00,NA,NotAvailable,Not Applicable,NA,NA,NA,NA,NA,NA,NA,NotApplicable,NA,NotKnown,NotAvailable,NotAvailable,NotAvailable,BI,Not Applicable,X,NULL,Tata Realty,HV Farms Private Limited,NULL,NULL,NULL
3050,NA,HRNCCO000,NA,NotAvailable,Not Applicable,NA,NA,NA,NA,NA,NA,NA,NotApplicable,NA,NotKnown,NotAvailable,NotAvailable,NotAvailable,BI,Not Applicable,X,NULL,Tata Value Homes,HLT Residency Pvt Ltd,NULL,NULL,NULL
5370,NA,IICGGII00,NA,NotAvailable,Not Applicable,NA,NA,NA,NA,NA,NA,NA,NotApplicable,NA,NotKnown,NotAvailable,NotAvailable,NotAvailable,BI,Not Applicable,X,NULL,Tata Realty,International Infrabuild,NULL,NULL,NULL
5390,NA,IMCMUIM00,NA,NotAvailable,Not Applicable,NA,NA,NA,NA,NA,NA,NA,NotApplicable,NA,NotKnown,NotAvailable,NotAvailable,NotAvailable,BI,Not Applicable,X,NULL,Tata Realty,INDUSTRIAL MINERALS & CHE,NULL,NULL,NULL
5390,NA,IMWNMIP03,NA,NotAvailable,Not Applicable,NA,NA,NA,NA,NA,NA,NA,NotApplicable,NA,NotKnown,NotAvailable,NotAvailable,NotAvailable,BI,Not Applicable,X,NULL,Tata Realty,INDUSTRIAL MINERALS & CHE,NULL,NULL,NULL
5370,NA,INGGII01,NA,NotAvailable,Not Applicable,NA,NA,NA,NA,NA,NA,NA,NotApplicable,NA,NotKnown,NotAvailable,NotAvailable,NotAvailable,BI,Not Applicable,X,NULL,Tata Realty,International Infrabuild,NULL,NULL,NULL
5240,NA,IPSIPCO00,NA,NotAvailable,Not Applicable,NA,NA,NA,NA,NA,NA,NA,NotApplicable,NA,NotKnown,NotAvailable,NotAvailable,NotAvailable,BI,Not Applicable,X,NULL,Tata Realty,INFOPARK PROPERTIES LTD.,NULL,NULL,NULL
5240,NA,IPSIPSO00,NA,NotAvailable,Not Applicable,NA,NA,NA,NA,NA,NA,NA,NotApplicable,NA,NotKnown,NotAvailable,NotAvailable,NotAvailable,BI,Not Applicable,X,NULL,Tata Realty,INFOPARK PROPERTIES LTD.,NULL,NULL,NULL
5130,NA,ITCCOIT00,NA,NotAvailable,Not Applicable,NA,NA,NA,NA,NA,NA,NA,NotApplicable,NA,NotKnown,NotAvailable,NotAvailable,NotAvailable,BI,Not Applicable,X,NULL,Tata Realty,TRIL IT4 Private Limited,NULL,NULL,NULL
1080,NA,KRCCO0000,NA,NotAvailable,Not Applicable,NA,NA,NA,NA,NA,NA,NA,NotApplicable,NA,NotKnown,NotAvailable,NotAvailable,NotAvailable,BI,Not Applicable,X,NULL,Tata Housing,Kriday Realty Private Ltd,NULL,NULL,NULL
1080,NA,KRECO0000,NA,NotAvailable,Not Applicable,NA,NA,NA,NA,NA,NA,NA,NotApplicable,NA,NotKnown,NotAvailable,NotAvailable,NotAvailable,BI,Not Applicable,X,NULL,Tata Housing,Kriday Realty Private Ltd,NULL,NULL,NULL
3060,NA,LKCCO0000,NA,NotAvailable,Not Applicable,NA,NA,NA,NA,NA,NA,NA,NotApplicable,NA,NotKnown,NotAvailable,NotAvailable,NotAvailable,BI,Not Applicable,X,NULL,Tata Value Homes,Land KartBuilders Pvt Ltd,NULL,NULL,NULL
3060,NA,LKNCO0000,NA,NotAvailable,Not Applicable,NA,NA,NA,NA,NA,NA,NA,NotApplicable,NA,NotKnown,NotAvailable,NotAvailable,NotAvailable,BI,Not Applicable,X,NULL,Tata Value Homes,Land KartBuilders Pvt Ltd,NULL,NULL,NULL
1060,NA,LSCCO0000,NA,NotAvailable,Not Applicable,NA,NA,NA,NA,NA,NA,NA,NotApplicable,NA,NotKnown,NotAvailable,NotAvailable,NotAvailable,BI,Not Applicable,X,NULL,Tata Housing,Landscape Structures Pvt,NULL,NULL,NULL
1060,NA,LSSCO0000,NA,NotAvailable,Not Applicable,NA,NA,NA,NA,NA,NA,NA,NotApplicable,NA,NotKnown,NotAvailable,NotAvailable,NotAvailable,BI,Not Applicable,X,NULL,Tata Housing,Landscape Structures Pvt,NULL,NULL,NULL
1060,NA,LSSSHC000,NA,NotAvailable,Not Applicable,NA,NA,NA,NA,NA,NA,NA,NotApplicable,NA,NotKnown,NotAvailable,NotAvailable,NotAvailable,BI,Not Applicable,X,NULL,Tata Housing,Landscape Structures Pvt,NULL,NULL,NULL
1100,NA,LTCCO0000,NA,NotAvailable,Not Applicable,NA,NA,NA,NA,NA,NA,NA,NotApplicable,NA,NotKnown,NotAvailable,NotAvailable,NotAvailable,BI,Not Applicable,X,NULL,Tata Housing,Gatevida Developers P Ltd,NULL,NULL,NULL
5350,NA,MICMUCO00,NA,NotAvailable,Not Applicable,NA,NA,NA,NA,NA,NA,NA,NotApplicable,NA,NotKnown,NotAvailable,NotAvailable,NotAvailable,BI,Not Applicable,X,NULL,Tata Realty,MIA Infrastructure Pvt Lt,NULL,NULL,NULL
5350,NA,MIWMUMI01,NA,NotAvailable,Not Applicable,NA,NA,NA,NA,NA,NA,NA,NotApplicable,NA,NotKnown,NotAvailable,NotAvailable,NotAvailable,BI,Not Applicable,X,NULL,Tata Realty,MIA Infrastructure Pvt Lt,NULL,NULL,NULL
5380,NA,MRCGGMR00,NA,NotAvailable,Not Applicable,NA,NA,NA,NA,NA,NA,NA,NotApplicable,NA,NotKnown,NotAvailable,NotAvailable,NotAvailable,BI,Not Applicable,X,NULL,Tata Realty,Mikado Realtors Pvt Ltd,NULL,NULL,NULL
NULL,NA,N.A 01,NA,NotAvailable,Not Applicable,NA,NA,NA,NA,NA,NA,NA,NotApplicable,NA,NotKnown,NotAvailable,NotAvailable,NotAvailable,BI,Not Applicable,X,NULL,NULL,NULL,NULL,NULL,NULL
NULL,NA,N.A 02,NA,NotAvailable,Not Applicable,NA,NA,NA,NA,NA,NA,NA,NotApplicable,NA,NotKnown,NotAvailable,NotAvailable,NotAvailable,BI,Not Applicable,X,NULL,NULL,NULL,NULL,NULL,NULL
NULL,NA,N.A 03,NA,NotAvailable,Not Applicable,NA,NA,NA,NA,NA,NA,NA,NotApplicable,NA,NotKnown,NotAvailable,NotAvailable,NotAvailable,BI,Not Applicable,X,NULL,NULL,NULL,NULL,NULL,NULL
NULL,NA,N.A 04,NA,NotAvailable,Not Applicable,NA,NA,NA,NA,NA,NA,NA,NotApplicable,NA,NotKnown,NotAvailable,NotAvailable,NotAvailable,BI,Not Applicable,X,NULL,NULL,NULL,NULL,NULL,NULL
NULL,NA,N.A 05,NA,NotAvailable,Not Applicable,NA,NA,NA,NA,NA,NA,NA,NotApplicable,NA,NotKnown,NotAvailable,NotAvailable,NotAvailable,BI,Not Applicable,X,NULL,NULL,NULL,NULL,NULL,NULL
NULL,NA,N.A 06,NA,NotAvailable,Not Applicable,NA,NA,NA,NA,NA,NA,NA,NotApplicable,NA,NotKnown,NotAvailable,NotAvailable,NotAvailable,BI,Not Applicable,X,NULL,NULL,NULL,NULL,NULL,NULL
NULL,NA,N.A 07,NA,NotAvailable,Not Applicable,NA,NA,NA,NA,NA,NA,NA,NotApplicable,NA,NotKnown,NotAvailable,NotAvailable,NotAvailable,BI,Not Applicable,X,NULL,NULL,NULL,NULL,NULL,NULL
NULL,NA,N.A 08,NA,NotAvailable,Not Applicable,NA,NA,NA,NA,NA,NA,NA,NotApplicable,NA,NotKnown,NotAvailable,NotAvailable,NotAvailable,BI,Not Applicable,X,NULL,NULL,NULL,NULL,NULL,NULL
1140,NA,NBRCCO000,NA,NotAvailable,Not Applicable,NA,NA,NA,NA,NA,NA,NA,NotApplicable,NA,NotKnown,NotAvailable,NotAvailable,NotAvailable,BI,Not Applicable,X,NULL,Tata Housing,North Bombay Real Estate,NULL,NULL,NULL
1150,NA,OBCCO0000,NA,NotAvailable,Not Applicable,NA,NA,NA,NA,NA,NA,NA,NotApplicable,NA,NotKnown,NotAvailable,NotAvailable,NotAvailable,BI,Not Applicable,X,NULL,Tata Housing,One Bangalore Lux Pro LLP,NULL,NULL,NULL
1150,NA,OBSBGAP00,NA,NotAvailable,Not Applicable,NA,NA,NA,NA,NA,NA,NA,NotApplicable,NA,NotKnown,NotAvailable,NotAvailable,NotAvailable,BI,Not Applicable,X,NULL,Tata Housing,One Bangalore Lux Pro LLP,NULL,NULL,NULL
1150,NA,OBSBGDL00,NA,NotAvailable,Not Applicable,NA,NA,NA,NA,NA,NA,NA,NotApplicable,NA,NotKnown,NotAvailable,NotAvailable,NotAvailable,BI,Not Applicable,X,NULL,Tata Housing,One Bangalore Lux Pro LLP,NULL,NULL,NULL
1150,NA,OBSBGPD03,NA,NotAvailable,Not Applicable,NA,NA,NA,NA,NA,NA,NA,NotApplicable,NA,NotKnown,NotAvailable,NotAvailable,NotAvailable,BI,Not Applicable,X,NULL,Tata Housing,One Bangalore Lux Pro LLP,NULL,NULL,NULL
1150,NA,OBSBGVL00,NA,NotAvailable,Not Applicable,NA,NA,NA,NA,NA,NA,NA,NotApplicable,NA,NotKnown,NotAvailable,NotAvailable,NotAvailable,BI,Not Applicable,X,NULL,Tata Housing,One Bangalore Lux Pro LLP,NULL,NULL,NULL
1150,NA,OBSCO0000,NA,NotAvailable,Not Applicable,NA,NA,NA,NA,NA,NA,NA,NotApplicable,NA,NotKnown,NotAvailable,NotAvailable,NotAvailable,BI,Not Applicable,X,NULL,Tata Housing,One Bangalore Lux Pro LLP,NULL,NULL,NULL
4011,NA,OCICCO000,NA,NotAvailable,Not Applicable,NA,NA,NA,NA,NA,NA,NA,NotApplicable,NA,NotKnown,NotAvailable,NotAvailable,NotAvailable,BI,Not Applicable,X,NULL,Tata Value Homes,One-Colombo Proj Pvt Ltd,NULL,NULL,NULL
4011,NA,OCISKRH01,NA,NotAvailable,Not Applicable,NA,NA,NA,NA,NA,NA,NA,NotApplicable,NA,NotKnown,NotAvailable,NotAvailable,NotAvailable,BI,Not Applicable,X,NULL,Tata Value Homes,One-Colombo Proj Pvt Ltd,NULL,NULL,NULL
4011,NA,OCISRM000,NA,NotAvailable,Not Applicable,NA,NA,NA,NA,NA,NA,NA,NotApplicable,NA,NotKnown,NotAvailable,NotAvailable,NotAvailable,BI,Not Applicable,X,NULL,Tata Value Homes,One-Colombo Proj Pvt Ltd,NULL,NULL,NULL
1120,NA,PHCCO0000,NA,NotAvailable,Not Applicable,NA,NA,NA,NA,NA,NA,NA,NotApplicable,NA,NotKnown,NotAvailable,NotAvailable,NotAvailable,BI,Not Applicable,X,NULL,Tata Housing,Promont Hilltop Pvt Ltd,NULL,NULL,NULL
1110,NA,PHNDLP000,NA,NotAvailable,Not Applicable,NA,NA,NA,NA,NA,NA,NA,NotApplicable,NA,NotKnown,NotAvailable,NotAvailable,NotAvailable,BI,Not Applicable,X,NULL,Tata Housing,Promont Hillside Pvt Ltd,NULL,NULL,NULL
1090,NA,PICCO0000,NA,NotAvailable,Not Applicable,NA,NA,NA,NA,NA,NA,NA,NotApplicable,NA,NotKnown,NotAvailable,NotAvailable,NotAvailable,BI,Not Applicable,X,NULL,Tata Housing,Princeton Infra Pvt. Ltd.,NULL,NULL,NULL
1110,NA,PSCCO0000,NA,NotAvailable,Not Applicable,NA,NA,NA,NA,NA,NA,NA,NotApplicable,NA,NotKnown,NotAvailable,NotAvailable,NotAvailable,BI,Not Applicable,X,NULL,Tata Housing,Promont Hillside Pvt Ltd,NULL,NULL,NULL
1021,NA,RBCCO0000,NA,NotAvailable,Not Applicable,NA,NA,NA,NA,NA,NA,NA,NotApplicable,NA,NotKnown,NotAvailable,NotAvailable,NotAvailable,BI,Not Applicable,X,NULL,Tata Housing,THDC Mgmt Services Ltd,NULL,NULL,NULL
1130,NA,SHCCO0000,NA,NotAvailable,Not Applicable,NA,NA,NA,NA,NA,NA,NA,NotApplicable,NA,NotKnown,NotAvailable,NotAvailable,NotAvailable,BI,Not Applicable,X,NULL,Tata Housing,Sohna City LLP,NULL,NULL,NULL
1130,NA,SONGGAL02,NA,NotAvailable,Not Applicable,NA,NA,NA,NA,NA,NA,NA,NotApplicable,NA,NotKnown,NotAvailable,NotAvailable,NotAvailable,BI,Not Applicable,X,NULL,Tata Housing,Sohna City LLP,NULL,NULL,NULL
3020,NA,SPSPYRS00,NA,NotAvailable,Not Applicable,NA,NA,NA,NA,NA,NA,NA,NotApplicable,NA,NotKnown,NotAvailable,NotAvailable,NotAvailable,BI,Not Applicable,X,NULL,Tata Value Homes,SVH (Peenya Project) PL,NULL,NULL,NULL
3000,NA,SVECO0000,NA,NotAvailable,Not Applicable,NA,NA,NA,NA,NA,NA,NA,NotApplicable,NA,NotKnown,NotAvailable,NotAvailable,NotAvailable,BI,Not Applicable,X,NULL,Tata Value Homes,Tata Value Homes Limited,NULL,NULL,NULL
3040,NA,SVEKLK000,NA,NotAvailable,Not Applicable,NA,NA,NA,NA,NA,NA,NA,NotApplicable,NA,NotKnown,NotAvailable,NotAvailable,NotAvailable,BI,Not Applicable,X,NULL,Tata Value Homes,SVH (New Project) LLP,NULL,NULL,NULL
3040,NA,SVHCO0000,NA,NotAvailable,Not Applicable,NA,NA,NA,NA,NA,NA,NA,NotApplicable,NA,NotKnown,NotAvailable,NotAvailable,NotAvailable,BI,Not Applicable,X,NULL,Tata Value Homes,SVH (New Project) LLP,NULL,NULL,NULL
3000,NA,SVNCO0000,NA,NotAvailable,Not Applicable,NA,NA,NA,NA,NA,NA,NA,NotApplicable,NA,NotKnown,NotAvailable,NotAvailable,NotAvailable,BI,Not Applicable,X,NULL,Tata Value Homes,Tata Value Homes Limited,NULL,NULL,NULL
3020,NA,SVPSC0000,NA,NotAvailable,Not Applicable,NA,NA,NA,NA,NA,NA,NA,NotApplicable,NA,NotKnown,NotAvailable,NotAvailable,NotAvailable,BI,Not Applicable,X,NULL,Tata Value Homes,SVH (Peenya Project) PL,NULL,NULL,NULL
3000,NA,SVSORCA00,NA,NotAvailable,Not Applicable,NA,NA,NA,NA,NA,NA,NA,NotApplicable,NA,NotKnown,NotAvailable,NotAvailable,NotAvailable,BI,Not Applicable,X,NULL,Tata Value Homes,Tata Value Homes Limited,NULL,NULL,NULL
3000,NA,SVSPYC000,NA,NotAvailable,Not Applicable,NA,NA,NA,NA,NA,NA,NA,NotApplicable,NA,NotKnown,NotAvailable,NotAvailable,NotAvailable,BI,Not Applicable,X,NULL,Tata Value Homes,Tata Value Homes Limited,NULL,NULL,NULL
3000,NA,SVSPYNH01,NA,NotAvailable,Not Applicable,NA,NA,NA,NA,NA,NA,NA,NotApplicable,NA,NotKnown,NotAvailable,NotAvailable,NotAvailable,BI,Not Applicable,X,NULL,Tata Value Homes,Tata Value Homes Limited,NULL,NULL,NULL
3000,NA,SVSPYRS00,NA,NotAvailable,Not Applicable,NA,NA,NA,NA,NA,NA,NA,NotApplicable,NA,NotKnown,NotAvailable,NotAvailable,NotAvailable,BI,Not Applicable,X,NULL,Tata Value Homes,Tata Value Homes Limited,NULL,NULL,NULL
3000,NA,SVSPYRS01,NA,NotAvailable,Not Applicable,NA,NA,NA,NA,NA,NA,NA,NotApplicable,NA,NotKnown,NotAvailable,NotAvailable,NotAvailable,BI,Not Applicable,X,NULL,Tata Value Homes,Tata Value Homes Limited,NULL,NULL,NULL
3000,NA,SVWVSSG00,NA,NotAvailable,Not Applicable,NA,NA,NA,NA,NA,NA,NA,NotApplicable,NA,NotKnown,NotAvailable,NotAvailable,NotAvailable,BI,Not Applicable,X,NULL,Tata Value Homes,Tata Value Homes Limited,NULL,NULL,NULL
5130,NA,T005UPLOAD,NA,NotAvailable,Not Applicable,NA,NA,NA,NA,NA,NA,NA,NotApplicable,NA,NotKnown,NotAvailable,NotAvailable,NotAvailable,BI,Not Applicable,X,NULL,Tata Realty,TRIL IT4 Private Limited,NULL,NULL,NULL
5290,NA,T029UPLOAD,NA,NotAvailable,Not Applicable,NA,NA,NA,NA,NA,NA,NA,NotApplicable,NA,NotKnown,NotAvailable,NotAvailable,NotAvailable,BI,Not Applicable,X,NULL,Tata Realty,TRIF Gurgaon Housing Proj,NULL,NULL,NULL
5320,NA,T033UPLOAD,NA,NotAvailable,Not Applicable,NA,NA,NA,NA,NA,NA,NA,NotApplicable,NA,NotKnown,NotAvailable,NotAvailable,NotAvailable,BI,Not Applicable,X,NULL,Tata Realty,HV Farms Private Limited,NULL,NULL,NULL
5390,NA,T049UPLOAD,NA,NotAvailable,Not Applicable,NA,NA,NA,NA,NA,NA,NA,NotApplicable,NA,NotKnown,NotAvailable,NotAvailable,NotAvailable,BI,Not Applicable,X,NULL,Tata Realty,INDUSTRIAL MINERALS & CHE,NULL,NULL,NULL
5340,NA,TBSBCCO00,NA,NotAvailable,Not Applicable,NA,NA,NA,NA,NA,NA,NA,NotApplicable,NA,NotKnown,NotAvailable,NotAvailable,NotAvailable,BI,Not Applicable,X,NULL,NULL,TRIL Bengaluru Consultant,NULL,NULL,NULL
5340,NA,TBSBCSO00,NA,NotAvailable,Not Applicable,NA,NA,NA,NA,NA,NA,NA,NotApplicable,NA,NotKnown,NotAvailable,NotAvailable,NotAvailable,BI,Not Applicable,X,NULL,NULL,TRIL Bengaluru Consultant,NULL,NULL,NULL
5170,NA,TCCCOTC00,NA,NotAvailable,Not Applicable,NA,NA,NA,NA,NA,NA,NA,NotApplicable,NA,NotKnown,NotAvailable,NotAvailable,NotAvailable,BI,Not Applicable,X,NULL,Tata Realty,TRIL Constructions Ltd,NULL,NULL,NULL
1021,NA,TFCPS0001,NA,NotAvailable,Not Applicable,NA,NA,NA,NA,NA,NA,NA,NotApplicable,NA,NotKnown,NotAvailable,NotAvailable,NotAvailable,BI,Not Applicable,X,NULL,Tata Housing,THDC Mgmt Services Ltd,NULL,NULL,NULL
1021,NA,TFCVS0001,NA,NotAvailable,Not Applicable,NA,NA,NA,NA,NA,NA,NA,NotApplicable,NA,NotKnown,NotAvailable,NotAvailable,NotAvailable,BI,Not Applicable,X,NULL,Tata Housing,THDC Mgmt Services Ltd,NULL,NULL,NULL
1021,NA,TFEKLR000,NA,NotAvailable,Not Applicable,NA,NA,NA,NA,NA,NA,NA,NotApplicable,NA,NotKnown,NotAvailable,NotAvailable,NotAvailable,BI,Not Applicable,X,NULL,Tata Housing,THDC Mgmt Services Ltd,NULL,NULL,NULL
1021,NA,TFNCO0000,NA,NotAvailable,Not Applicable,NA,NA,NA,NA,NA,NA,NA,NotApplicable,NA,NotKnown,NotAvailable,NotAvailable,NotAvailable,BI,Not Applicable,X,NULL,Tata Housing,THDC Mgmt Services Ltd,NULL,NULL,NULL
1021,NA,TFSCO0000,NA,NotAvailable,Not Applicable,NA,NA,NA,NA,NA,NA,NA,NotApplicable,NA,NotKnown,NotAvailable,NotAvailable,NotAvailable,BI,Not Applicable,X,NULL,Tata Housing,THDC Mgmt Services Ltd,NULL,NULL,NULL
1021,NA,TFWAHC000,NA,NotAvailable,Not Applicable,NA,NA,NA,NA,NA,NA,NA,NotApplicable,NA,NotKnown,NotAvailable,NotAvailable,NotAvailable,BI,Not Applicable,X,NULL,Tata Housing,THDC Mgmt Services Ltd,NULL,NULL,NULL
1021,NA,TFWBRNA01,NA,NotAvailable,Not Applicable,NA,NA,NA,NA,NA,NA,NA,NotApplicable,NA,NotKnown,NotAvailable,NotAvailable,NotAvailable,BI,Not Applicable,X,NULL,Tata Housing,THDC Mgmt Services Ltd,NULL,NULL,NULL
1021,NA,TFWBRSV01,NA,NotAvailable,Not Applicable,NA,NA,NA,NA,NA,NA,NA,NotApplicable,NA,NotKnown,NotAvailable,NotAvailable,NotAvailable,BI,Not Applicable,X,NULL,Tata Housing,THDC Mgmt Services Ltd,NULL,NULL,NULL
1021,NA,TFWCO0000,NA,NotAvailable,Not Applicable,NA,NA,NA,NA,NA,NA,NA,NotApplicable,NA,NotKnown,NotAvailable,NotAvailable,NotAvailable,BI,Not Applicable,X,NULL,Tata Housing,THDC Mgmt Services Ltd,NULL,NULL,NULL
1021,NA,TFWPNIP01,NA,NotAvailable,Not Applicable,NA,NA,NA,NA,NA,NA,NA,NotApplicable,NA,NotKnown,NotAvailable,NotAvailable,NotAvailable,BI,Not Applicable,X,NULL,Tata Housing,THDC Mgmt Services Ltd,NULL,NULL,NULL
1021,NA,TFWVSSG01,NA,NotAvailable,Not Applicable,NA,NA,NA,NA,NA,NA,NA,NotApplicable,NA,NotKnown,NotAvailable,NotAvailable,NotAvailable,BI,Not Applicable,X,NULL,Tata Housing,THDC Mgmt Services Ltd,NULL,NULL,NULL
5290,NA,TGCGGTG00,NA,NotAvailable,Not Applicable,NA,NA,NA,NA,NA,NA,NA,NotApplicable,NA,NotKnown,NotAvailable,NotAvailable,NotAvailable,BI,Not Applicable,X,NULL,Tata Realty,TRIF Gurgaon Housing Proj,NULL,NULL,NULL
5230,NA,THCCOCO00,NA,NotAvailable,Not Applicable,NA,NA,NA,NA,NA,NA,NA,NotApplicable,NA,NotKnown,NotAvailable,NotAvailable,NotAvailable,BI,Not Applicable,X,NULL,Tata Realty,TRIL Hospitality Pvt Ltd,NULL,NULL,NULL
1000,NA,THEKLI000,NA,NotAvailable,Not Applicable,NA,NA,NA,NA,NA,NA,NA,NotApplicable,NA,NotKnown,NotAvailable,NotAvailable,NotAvailable,BI,Not Applicable,X,NULL,Tata Housing,Tata Housing Dev Co. Ltd,NULL,NULL,NULL
1000,NA,THNGGPL00,NA,NotAvailable,Not Applicable,NA,NA,NA,NA,NA,NA,NA,NotApplicable,NA,NotKnown,NotAvailable,NotAvailable,NotAvailable,BI,Not Applicable,X,NULL,Tata Housing,Tata Housing Dev Co. Ltd,NULL,NULL,NULL
1000,NA,THNKNC000,NA,NotAvailable,Not Applicable,NA,NA,NA,NA,NA,NA,NA,NotApplicable,NA,NotKnown,NotAvailable,NotAvailable,NotAvailable,BI,Not Applicable,X,NULL,Tata Housing,Tata Housing Dev Co. Ltd,NULL,NULL,NULL
1000,NA,THSBSP000,NA,NotAvailable,Not Applicable,NA,NA,NA,NA,NA,NA,NA,NotApplicable,NA,NotKnown,NotAvailable,NotAvailable,NotAvailable,BI,Not Applicable,X,NULL,Tata Housing,Tata Housing Dev Co. Ltd,NULL,NULL,NULL
1000,NA,THSBSPL01,NA,NotAvailable,Not Applicable,NA,NA,NA,NA,NA,NA,NA,NotApplicable,NA,NotKnown,NotAvailable,NotAvailable,NotAvailable,BI,Not Applicable,X,NULL,Tata Housing,Tata Housing Dev Co. Ltd,NULL,NULL,NULL
1000,NA,THSBSPL02,NA,NotAvailable,Not Applicable,NA,NA,NA,NA,NA,NA,NA,NotApplicable,NA,NotKnown,NotAvailable,NotAvailable,NotAvailable,BI,Not Applicable,X,NULL,Tata Housing,Tata Housing Dev Co. Ltd,NULL,NULL,NULL
1000,NA,THSCO0000,NA,NotAvailable,Not Applicable,NA,NA,NA,NA,NA,NA,NA,NotApplicable,NA,NotKnown,NotAvailable,NotAvailable,NotAvailable,BI,Not Applicable,X,NULL,Tata Housing,Tata Housing Dev Co. Ltd,NULL,NULL,NULL
1000,NA,THSSHC000,NA,NotAvailable,Not Applicable,NA,NA,NA,NA,NA,NA,NA,NotApplicable,NA,NotKnown,NotAvailable,NotAvailable,NotAvailable,BI,Not Applicable,X,NULL,Tata Housing,Tata Housing Dev Co. Ltd,NULL,NULL,NULL
1000,NA,THWADC000,NA,NotAvailable,Not Applicable,NA,NA,NA,NA,NA,NA,NA,NotApplicable,NA,NotKnown,NotAvailable,NotAvailable,NotAvailable,BI,Not Applicable,X,NULL,Tata Housing,Tata Housing Dev Co. Ltd,NULL,NULL,NULL
1000,NA,THWBRNA00,NA,NotAvailable,Not Applicable,NA,NA,NA,NA,NA,NA,NA,NotApplicable,NA,NotKnown,NotAvailable,NotAvailable,NotAvailable,BI,Not Applicable,X,NULL,Tata Housing,Tata Housing Dev Co. Ltd,NULL,NULL,NULL
1000,NA,THWGOC000,NA,NotAvailable,Not Applicable,NA,NA,NA,NA,NA,NA,NA,NotApplicable,NA,NotKnown,NotAvailable,NotAvailable,NotAvailable,BI,Not Applicable,X,NULL,Tata Housing,Tata Housing Dev Co. Ltd,NULL,NULL,NULL
1000,NA,THWKYAA00,NA,NotAvailable,Not Applicable,NA,NA,NA,NA,NA,NA,NA,NotApplicable,NA,NotKnown,NotAvailable,NotAvailable,NotAvailable,BI,Not Applicable,X,NULL,Tata Housing,Tata Housing Dev Co. Ltd,NULL,NULL,NULL
1000,NA,THWKYR000,NA,NotAvailable,Not Applicable,NA,NA,NA,NA,NA,NA,NA,NotApplicable,NA,NotKnown,NotAvailable,NotAvailable,NotAvailable,BI,Not Applicable,X,NULL,Tata Housing,Tata Housing Dev Co. Ltd,NULL,NULL,NULL
1000,NA,THWMDAM01,NA,NotAvailable,Not Applicable,NA,NA,NA,NA,NA,NA,NA,NotApplicable,NA,NotKnown,NotAvailable,NotAvailable,NotAvailable,BI,Not Applicable,X,NULL,Tata Housing,Tata Housing Dev Co. Ltd,NULL,NULL,NULL
1000,NA,THWMDR000,NA,NotAvailable,Not Applicable,NA,NA,NA,NA,NA,NA,NA,NotApplicable,NA,NotKnown,NotAvailable,NotAvailable,NotAvailable,BI,Not Applicable,X,NULL,Tata Housing,Tata Housing Dev Co. Ltd,NULL,NULL,NULL
1000,NA,THWUNAP00,NA,NotAvailable,Not Applicable,NA,NA,NA,NA,NA,NA,NA,NotApplicable,NA,NotKnown,NotAvailable,NotAvailable,NotAvailable,BI,Not Applicable,X,NULL,Tata Housing,Tata Housing Dev Co. Ltd,NULL,NULL,NULL
5330,NA,TICCHTI00,NA,NotAvailable,Not Applicable,NA,NA,NA,NA,NA,NA,NA,NotApplicable,NA,NotKnown,NotAvailable,NotAvailable,NotAvailable,BI,Not Applicable,X,NULL,Tata Realty,TRIL Infopark Limited,NULL,NULL,NULL
5330,NA,TISCHTI14,NA,NotAvailable,Not Applicable,NA,NA,NA,NA,NA,NA,NA,NotApplicable,NA,NotKnown,NotAvailable,NotAvailable,NotAvailable,BI,Not Applicable,X,NULL,Tata Realty,TRIL Infopark Limited,NULL,NULL,NULL
5330,NA,TISCHTI26,NA,NotAvailable,Not Applicable,NA,NA,NA,NA,NA,NA,NA,NotApplicable,NA,NotKnown,NotAvailable,NotAvailable,NotAvailable,BI,Not Applicable,X,NULL,Tata Realty,TRIL Infopark Limited,NULL,NULL,NULL
1030,NA,TKCCO0000,NA,NotAvailable,Not Applicable,NA,NA,NA,NA,NA,NA,NA,NotApplicable,NA,NotKnown,NotAvailable,NotAvailable,NotAvailable,BI,Not Applicable,X,NULL,Tata Housing,Technopolis Know Park Ltd,NULL,NULL,NULL
1021,NA,TMWAHSG00,NA,NotAvailable,Not Applicable,NA,NA,NA,NA,NA,NA,NA,NotApplicable,NA,NotKnown,NotAvailable,NotAvailable,NotAvailable,BI,Not Applicable,X,NULL,Tata Housing,THDC Mgmt Services Ltd,NULL,NULL,NULL
1021,NA,TMWTGLA00,NA,NotAvailable,Not Applicable,NA,NA,NA,NA,NA,NA,NA,NotApplicable,NA,NotKnown,NotAvailable,NotAvailable,NotAvailable,BI,Not Applicable,X,NULL,Tata Housing,THDC Mgmt Services Ltd,NULL,NULL,NULL
5100,NA,TRCCOCO01,NA,NotAvailable,Not Applicable,NA,NA,NA,NA,NA,NA,NA,NotApplicable,NA,NotKnown,NotAvailable,NotAvailable,NotAvailable,BI,Not Applicable,X,NULL,Tata Realty,TATA Realty & Infra Ltd.,NULL,NULL,NULL
5100,NA,TRCCOIN01,NA,NotAvailable,Not Applicable,NA,NA,NA,NA,NA,NA,NA,NotApplicable,NA,NotKnown,NotAvailable,NotAvailable,NotAvailable,BI,Not Applicable,X,NULL,Tata Realty,TATA Realty & Infra Ltd.,NULL,NULL,NULL
5100,NA,TRCCOKO00,NA,NotAvailable,Not Applicable,NA,NA,NA,NA,NA,NA,NA,NotApplicable,NA,NotKnown,NotAvailable,NotAvailable,NotAvailable,BI,Not Applicable,X,NULL,Tata Realty,TATA Realty & Infra Ltd.,NULL,NULL,NULL
5100,NA,TRCMUTP01,NA,NotAvailable,Not Applicable,NA,NA,NA,NA,NA,NA,NA,NotApplicable,NA,NotKnown,NotAvailable,NotAvailable,NotAvailable,BI,Not Applicable,X,NULL,Tata Realty,TATA Realty & Infra Ltd.,NULL,NULL,NULL
5100,NA,TREORTS01,NA,NotAvailable,Not Applicable,NA,NA,NA,NA,NA,NA,NA,NotApplicable,NA,NotKnown,NotAvailable,NotAvailable,NotAvailable,BI,Not Applicable,X,NULL,Tata Realty,TATA Realty & Infra Ltd.,NULL,NULL,NULL
5100,NA,TRNAMAM01,NA,NotAvailable,Not Applicable,NA,NA,NA,NA,NA,NA,NA,NotApplicable,NA,NotKnown,NotAvailable,NotAvailable,NotAvailable,BI,Not Applicable,X,NULL,Tata Realty,TATA Realty & Infra Ltd.,NULL,NULL,NULL
5100,NA,TRNGGMK01,NA,NotAvailable,Not Applicable,NA,NA,NA,NA,NA,NA,NA,NotApplicable,NA,NotKnown,NotAvailable,NotAvailable,NotAvailable,BI,Not Applicable,X,NULL,Tata Realty,TATA Realty & Infra Ltd.,NULL,NULL,NULL
5100,NA,TRNGGVP01,NA,NotAvailable,Not Applicable,NA,NA,NA,NA,NA,NA,NA,NotApplicable,NA,NotKnown,NotAvailable,NotAvailable,NotAvailable,BI,Not Applicable,X,NULL,Tata Realty,TATA Realty & Infra Ltd.,NULL,NULL,NULL
5100,NA,TRSBGKO07,NA,NotAvailable,Not Applicable,NA,NA,NA,NA,NA,NA,NA,NotApplicable,NA,NotKnown,NotAvailable,NotAvailable,NotAvailable,BI,Not Applicable,X,NULL,Tata Realty,TATA Realty & Infra Ltd.,NULL,NULL,NULL
5100,NA,TRSCOKO01,NA,NotAvailable,Not Applicable,NA,NA,NA,NA,NA,NA,NA,NotApplicable,NA,NotKnown,NotAvailable,NotAvailable,NotAvailable,BI,Not Applicable,X,NULL,Tata Realty,TATA Realty & Infra Ltd.,NULL,NULL,NULL
5100,NA,TRWMUIM01,NA,NotAvailable,Not Applicable,NA,NA,NA,NA,NA,NA,NA,NotApplicable,NA,NotKnown,NotAvailable,NotAvailable,NotAvailable,BI,Not Applicable,X,NULL,Tata Realty,TATA Realty & Infra Ltd.,NULL,NULL,NULL
5100,NA,TRWMUIT04,NA,NotAvailable,Not Applicable,NA,NA,NA,NA,NA,NA,NA,NotApplicable,NA,NotKnown,NotAvailable,NotAvailable,NotAvailable,BI,Not Applicable,X,NULL,Tata Realty,TATA Realty & Infra Ltd.,NULL,NULL,NULL
5100,NA,TRWMUTR02,NA,NotAvailable,Not Applicable,NA,NA,NA,NA,NA,NA,NA,NotApplicable,NA,NotKnown,NotAvailable,NotAvailable,NotAvailable,BI,Not Applicable,X,NULL,Tata Realty,TATA Realty & Infra Ltd.,NULL,NULL,NULL
5100,NA,TRWMUTR03,NA,NotAvailable,Not Applicable,NA,NA,NA,NA,NA,NA,NA,NotApplicable,NA,NotKnown,NotAvailable,NotAvailable,NotAvailable,BI,Not Applicable,X,NULL,Tata Realty,TATA Realty & Infra Ltd.,NULL,NULL,NULL
5100,NA,TRWNGRE01,NA,NotAvailable,Not Applicable,NA,NA,NA,NA,NA,NA,NA,NotApplicable,NA,NotKnown,NotAvailable,NotAvailable,NotAvailable,BI,Not Applicable,X,NULL,Tata Realty,TATA Realty & Infra Ltd.,NULL,NULL,NULL
5100,NA,TRWNGRE06,NA,NotAvailable,Not Applicable,NA,NA,NA,NA,NA,NA,NA,NotApplicable,NA,NotKnown,NotAvailable,NotAvailable,NotAvailable,BI,Not Applicable,X,NULL,Tata Realty,TATA Realty & Infra Ltd.,NULL,NULL,NULL
3000,NA,TVNNONDM1,NA,NotAvailable,Not Applicable,NA,NA,NA,NA,NA,NA,NA,NotApplicable,NA,NotKnown,NotAvailable,NotAvailable,NotAvailable,BI,Not Applicable,X,NULL,Tata Value Homes,Tata Value Homes Limited,NULL,NULL,NULL
3000,NA,TVWMUGR00,NA,NotAvailable,Not Applicable,NA,NA,NA,NA,NA,NA,NA,NotApplicable,NA,NotKnown,NotAvailable,NotAvailable,NotAvailable,BI,Not Applicable,X,NULL,Tata Value Homes,Tata Value Homes Limited,NULL,NULL,NULL
4000,NA,WOICC0000,NA,NotAvailable,Not Applicable,NA,NA,NA,NA,NA,NA,NA,NotApplicable,NA,NotKnown,NotAvailable,NotAvailable,NotAvailable,BI,Not Applicable,X,NULL,Tata Value Homes,World-One Dev Co. Pte Ltd,NULL,NULL,NULL
4010,NA,WSICC0000,NA,NotAvailable,Not Applicable,NA,NA,NA,NA,NA,NA,NA,NotApplicable,NA,NotKnown,NotAvailable,NotAvailable,NotAvailable,BI,Not Applicable,X,NULL,Tata Value Homes,WorldOne (SL)Proj Pte Ltd,NULL,NULL,NULL
